-- phpMyAdmin SQL Dump
-- version 5.2.0
-- https://www.phpmyadmin.net/
--
-- Host: localhost
-- Generation Time: Dec 02, 2023 at 08:50 AM
-- Server version: 10.4.27-MariaDB
-- PHP Version: 7.4.33

SET SQL_MODE = "NO_AUTO_VALUE_ON_ZERO";
START TRANSACTION;
SET time_zone = "+00:00";


/*!40101 SET @OLD_CHARACTER_SET_CLIENT=@@CHARACTER_SET_CLIENT */;
/*!40101 SET @OLD_CHARACTER_SET_RESULTS=@@CHARACTER_SET_RESULTS */;
/*!40101 SET @OLD_COLLATION_CONNECTION=@@COLLATION_CONNECTION */;
/*!40101 SET NAMES utf8mb4 */;

--
-- Database: `headmaster_evaluation`
--

-- --------------------------------------------------------

--
-- Table structure for table `bookmarks`
--

CREATE TABLE `bookmarks` (
  `id` int(5) UNSIGNED NOT NULL,
  `user_id` int(5) NOT NULL,
  `school_id` int(5) NOT NULL
) ENGINE=InnoDB DEFAULT CHARSET=utf8 COLLATE=utf8_general_ci;

--
-- Dumping data for table `bookmarks`
--

INSERT INTO `bookmarks` (`id`, `user_id`, `school_id`) VALUES
(21, 17, 3),
(23, 17, 1),
(27, 135, 12),
(28, 17, 9),
(29, 135, 2),
(30, 135, 13);

-- --------------------------------------------------------

--
-- Table structure for table `criterias`
--

CREATE TABLE `criterias` (
  `id` int(5) UNSIGNED NOT NULL,
  `criteria` varchar(30) NOT NULL,
  `max` int(11) NOT NULL,
  `notes` varchar(255) NOT NULL
) ENGINE=InnoDB DEFAULT CHARSET=utf8 COLLATE=utf8_general_ci;

--
-- Dumping data for table `criterias`
--

INSERT INTO `criterias` (`id`, `criteria`, `max`, `notes`) VALUES
(1, '0', 49, 'Sangat Perlu ditingkatkan!'),
(3, '50', 69, 'Cukup bersaing'),
(4, '70', 89, 'Diatas rata-rata'),
(5, '90', 100, 'Sangat Baik');

-- --------------------------------------------------------

--
-- Table structure for table `evaluations`
--

CREATE TABLE `evaluations` (
  `id` int(5) UNSIGNED NOT NULL,
  `user_id` int(5) NOT NULL,
  `school_id` int(11) NOT NULL,
  `date` datetime NOT NULL,
  `score` int(11) NOT NULL,
  `criteria_id` int(11) NOT NULL DEFAULT 1,
  `link_drive` text NOT NULL,
  `pengawas` int(11) NOT NULL,
  `year` int(4) NOT NULL DEFAULT 2023
) ENGINE=InnoDB DEFAULT CHARSET=utf8 COLLATE=utf8_general_ci;

--
-- Dumping data for table `evaluations`
--

INSERT INTO `evaluations` (`id`, `user_id`, `school_id`, `date`, `score`, `criteria_id`, `link_drive`, `pengawas`, `year`) VALUES
(39, 6, 1, '2023-11-26 14:41:08', 69, 3, 'https://drive.google.com/drive/u/1/folders/1XLQfrLNKc1CryINExgBth1e9iabKOg7C', 17, 2023),
(40, 21, 2, '2023-11-28 07:27:21', 81, 4, 'https://drive.google.com/drive/u/1/folders/1XLQfrLNKc1CryINExgBth1e9iabKOg7C', 135, 2023),
(41, 6, 1, '2023-11-29 02:19:31', 94, 5, 'https://drive.google.com/drive/u/1/folders/1XLQfrLNKc1CryINExgBth1e9iabKOg7C', 17, 2023),
(42, 14, 3, '2023-11-29 03:19:46', 80, 4, 'https://drive.google.com/drive/u/1/folders/1XLQfrLNKc1CryINExgBth1e9iabKOg7C', 17, 2023),
(43, 14, 3, '2023-11-29 12:33:31', 88, 4, 'https://drive.google.com/drive/u/1/folders/1XLQfrLNKc1CryINExgBth1e9iabKOg7C', 17, 2023),
(48, 22, 12, '2023-11-30 03:21:08', 69, 3, 'https://drive.google.com/drive/u/1/folders/1XLQfrLNKc1CryINExgBth1e9iabKOg7C', 135, 2023),
(49, 23, 13, '2023-11-30 06:09:58', 69, 3, 'https://drive.google.com/drive/u/1/folders/1XLQfrLNKc1CryINExgBth1e9iabKOg7C', 135, 2023),
(50, 6, 1, '2023-12-02 07:22:07', 75, 4, 'https://drive.google.com/drive/u/1/folders/1XLQfrLNKc1CryINExgBth1e9iabKOg7C', 17, 2023);

-- --------------------------------------------------------

--
-- Table structure for table `evaluation_details`
--

CREATE TABLE `evaluation_details` (
  `id` int(5) UNSIGNED NOT NULL,
  `evaluation_id` int(5) NOT NULL,
  `question_id` int(5) NOT NULL,
  `question_text` text DEFAULT NULL,
  `option_id` int(5) NOT NULL,
  `option_text` text DEFAULT NULL,
  `score` int(11) NOT NULL,
  `notes` text NOT NULL,
  `max_score` int(11) NOT NULL
) ENGINE=InnoDB DEFAULT CHARSET=utf8 COLLATE=utf8_general_ci;

--
-- Dumping data for table `evaluation_details`
--

INSERT INTO `evaluation_details` (`id`, `evaluation_id`, `question_id`, `question_text`, `option_id`, `option_text`, `score`, `notes`, `max_score`) VALUES
(154, 39, 23, 'Pedagogik', 108, '0 - 2', 2, '<p class=\"MsoNormal\" style=\"margin: 0cm 0cm 10pt; line-height: 16.8667px; font-size: 11pt; font-family: Calibri, sans-serif;\"><span lang=\"IN\">Perlu pembinaan , pembimbingan, dan pelatihan oleh pengawas sekolah dalam hal:<o:p></o:p></span></p><p class=\"MsoNormal\" style=\"margin: 0cm 0cm 10pt 13.45pt; line-height: 16.8667px; font-size: 11pt; font-family: Calibri, sans-serif; text-indent: -13.45pt;\"><span lang=\"IN\">- Mengenal karakteristik peserta didik;<o:p></o:p></span></p><p class=\"MsoNormal\" style=\"margin: 0cm 0cm 10pt; line-height: 16.8667px; font-size: 11pt; font-family: Calibri, sans-serif;\"><span lang=\"IN\">-Menguasai teori belajar dan prinsip-prinsip pembelajaran yang mendidik;<o:p></o:p></span></p><p class=\"MsoNormal\" style=\"margin: 0cm 0cm 10pt; line-height: 16.8667px; font-size: 11pt; font-family: Calibri, sans-serif;\"><span lang=\"IN\">-Pengembangan kurikulum;<o:p></o:p></span></p><p class=\"MsoNormal\" style=\"margin: 0cm 0cm 10pt; line-height: 16.8667px; font-size: 11pt; font-family: Calibri, sans-serif;\"><span lang=\"IN\">- Kegiatan pembelajaran yang mendidik;<o:p></o:p></span></p><p class=\"MsoNormal\" style=\"margin: 0cm 0cm 10pt; line-height: 16.8667px; font-size: 11pt; font-family: Calibri, sans-serif;\"><span lang=\"IN\">- Pengembangan potensi peserta didik;<o:p></o:p></span></p><p class=\"MsoNormal\" style=\"margin: 0cm 0cm 10pt; line-height: 16.8667px; font-size: 11pt; font-family: Calibri, sans-serif;\"><span lang=\"IN\">- Komunikasi dengan peserta didik;<o:p></o:p></span></p><p><span lang=\"IN\" style=\"font-size: 11pt; line-height: 16.8667px; font-family: Calibri, sans-serif;\">- Penilaian dan evaluasi</span><span style=\"font-size: medium;\"></span><br></p>', 4),
(155, 39, 24, 'Kepribadian', 96, '2,1 - 3', 3, '<p class=\"MsoNormal\" style=\"margin: 0cm 0cm 10pt; line-height: 16.8667px; font-size: 11pt; font-family: Calibri, sans-serif;\"><span lang=\"IN\">Perlu pembimbingan,&nbsp;&nbsp; pendampingan dan pelatihan oleh pengawas sekolah dalam hal:<o:p></o:p></span></p><p class=\"MsoNormal\" style=\"margin: 0cm 0cm 10pt; line-height: 16.8667px; font-size: 11pt; font-family: Calibri, sans-serif;\"><span lang=\"IN\">Bertindak sesuai dengan norma agama, hukum, sosial dan kebudayaan nasional;<o:p></o:p></span></p><p class=\"MsoNormal\" style=\"margin: 0cm 0cm 10pt; line-height: 16.8667px; font-size: 11pt; font-family: Calibri, sans-serif;\"><span lang=\"IN\">- Menunjukkan pribadi yang dewasa dan teladan;<o:p></o:p></span></p><p><span lang=\"IN\" style=\"font-size: 11pt; line-height: 16.8667px; font-family: Calibri, sans-serif;\">-Etos kerja, tanggung jawab yang tinggi, rasa bangga menjadi guru</span><span style=\"font-size: medium;\"></span><br></p>', 4),
(156, 39, 25, 'Sosial', 100, '3,1 - 4', 4, '<p class=\"p1\" style=\"margin-bottom: 0px; font-variant-numeric: normal; font-variant-east-asian: normal; font-variant-alternates: normal; font-kerning: auto; font-optical-sizing: auto; font-feature-settings: normal; font-variation-settings: normal; font-variant-position: normal; font-stretch: normal; font-size: 13px; line-height: normal; font-family: &quot;Helvetica Neue&quot;;\">Perlu pendampingan dan pelatihan oleh pengawas sekolah dalam hal:</p><p class=\"p1\" style=\"margin-bottom: 0px; font-variant-numeric: normal; font-variant-east-asian: normal; font-variant-alternates: normal; font-kerning: auto; font-optical-sizing: auto; font-feature-settings: normal; font-variation-settings: normal; font-variant-position: normal; font-stretch: normal; font-size: 13px; line-height: normal; font-family: &quot;Helvetica Neue&quot;;\">- Bersikap inklusif, bertindak obyektif, serta tidak diskriminatif;</p><p class=\"p1\" style=\"margin-bottom: 0px; font-variant-numeric: normal; font-variant-east-asian: normal; font-variant-alternates: normal; font-kerning: auto; font-optical-sizing: auto; font-feature-settings: normal; font-variation-settings: normal; font-variant-position: normal; font-stretch: normal; font-size: 13px; line-height: normal; font-family: &quot;Helvetica Neue&quot;;\">- Komunikasi dengan sesama guru, tenaga kependidikan, orang tua, peserta didik, dan masyaraka<span class=\"Apple-converted-space\">&nbsp;</span></p>', 4),
(157, 39, 26, 'Profesional', 101, '0 - 2', 2, '<p class=\"selectable-text copyable-text iq0m558w g0rxnol2\" dir=\"ltr\"><span class=\"selectable-text copyable-text\">Perlu pembinaan ,pembimbingan, dan pelatihan oleh pengawas sekolah dalam hal:<br></span><span style=\"font-size: 0.875rem;\">- Penguasaan materi, struktur, konsep, pola pikir keilmuan yang mendukung mata pelajaran yang diampu;<br></span><span style=\"font-size: 0.875rem;\">- Mengembangkan keprofesionalan melalui tindakan yang reflektif</span></p>', 4),
(158, 40, 23, 'Pedagogik', 110, '3,1 - 4', 4, '<p class=\"MsoNormal\" style=\"margin: 0cm 0cm 10pt; line-height: 16.8667px; font-size: 11pt; font-family: Calibri, sans-serif;\"><span lang=\"IN\">Perlu pendampingan dan pelatihan oleh pengawas sekolah dalam hal:</span></p><p class=\"MsoNormal\" style=\"margin: 0cm 0cm 10pt; line-height: 16.8667px; font-size: 11pt; font-family: Calibri, sans-serif;\"><span lang=\"IN\">- Mengenal karakteristik peserta didik;<o:p></o:p></span></p><p class=\"MsoNormal\" style=\"margin: 0cm 0cm 10pt; line-height: 16.8667px; font-size: 11pt; font-family: Calibri, sans-serif;\"><span lang=\"IN\">-Menguasai teori belajar dan prinsip-prinsip pembelajaran yang mendidik;<o:p></o:p></span></p><p class=\"MsoNormal\" style=\"margin: 0cm 0cm 10pt; line-height: 16.8667px; font-size: 11pt; font-family: Calibri, sans-serif;\"><span lang=\"IN\">-Pengembangan kurikulum;<o:p></o:p></span></p><p class=\"MsoNormal\" style=\"margin: 0cm 0cm 10pt; line-height: 16.8667px; font-size: 11pt; font-family: Calibri, sans-serif;\"><span lang=\"IN\">- Kegiatan pembelajaran yang mendidik;<o:p></o:p></span></p><p class=\"MsoNormal\" style=\"margin: 0cm 0cm 10pt; line-height: 16.8667px; font-size: 11pt; font-family: Calibri, sans-serif;\"><span lang=\"IN\">- Pengembangan potensi peserta didik;<o:p></o:p></span></p><p class=\"MsoNormal\" style=\"margin: 0cm 0cm 10pt; line-height: 16.8667px; font-size: 11pt; font-family: Calibri, sans-serif;\"><span lang=\"IN\">- Komunikasi dengan peserta didik;<o:p></o:p></span></p><p><span lang=\"IN\" style=\"font-size: 11pt; line-height: 16.8667px; font-family: Calibri, sans-serif;\">- Penilaian dan evaluasi</span><span style=\"font-size: medium;\"></span><br></p>', 4),
(159, 40, 24, 'Kepribadian', 96, '2,1 - 3', 3, '<p class=\"MsoNormal\" style=\"margin: 0cm 0cm 10pt; line-height: 16.8667px; font-size: 11pt; font-family: Calibri, sans-serif;\"><span lang=\"IN\">Perlu pembimbingan,&nbsp;&nbsp; pendampingan dan pelatihan oleh pengawas sekolah dalam hal:<o:p></o:p></span></p><p class=\"MsoNormal\" style=\"margin: 0cm 0cm 10pt; line-height: 16.8667px; font-size: 11pt; font-family: Calibri, sans-serif;\"><span lang=\"IN\">Bertindak sesuai dengan norma agama, hukum, sosial dan kebudayaan nasional;<o:p></o:p></span></p><p class=\"MsoNormal\" style=\"margin: 0cm 0cm 10pt; line-height: 16.8667px; font-size: 11pt; font-family: Calibri, sans-serif;\"><span lang=\"IN\">- Menunjukkan pribadi yang dewasa dan teladan;<o:p></o:p></span></p><p><span lang=\"IN\" style=\"font-size: 11pt; line-height: 16.8667px; font-family: Calibri, sans-serif;\">-Etos kerja, tanggung jawab yang tinggi, rasa bangga menjadi guru</span><span style=\"font-size: medium;\"></span><br></p>', 4),
(160, 40, 25, 'Sosial', 98, '0 - 2', 2, '<p class=\"p1\" style=\"margin-bottom: 0px; font-variant-numeric: normal; font-variant-east-asian: normal; font-variant-alternates: normal; font-kerning: auto; font-optical-sizing: auto; font-feature-settings: normal; font-variation-settings: normal; font-variant-position: normal; font-stretch: normal; font-size: 13px; line-height: normal; font-family: &quot;Helvetica Neue&quot;;\">Perlu pembinaan ,pembimbingan, dan pelatihan oleh pengawas sekolah dalam hal:</p><p class=\"p1\" style=\"margin-bottom: 0px; font-variant-numeric: normal; font-variant-east-asian: normal; font-variant-alternates: normal; font-kerning: auto; font-optical-sizing: auto; font-feature-settings: normal; font-variation-settings: normal; font-variant-position: normal; font-stretch: normal; font-size: 13px; line-height: normal; font-family: &quot;Helvetica Neue&quot;;\">- Bersikap inklusif, bertindak obyektif, serta tidak diskriminatif;</p><p class=\"p1\" style=\"margin-bottom: 0px; font-variant-numeric: normal; font-variant-east-asian: normal; font-variant-alternates: normal; font-kerning: auto; font-optical-sizing: auto; font-feature-settings: normal; font-variation-settings: normal; font-variant-position: normal; font-stretch: normal; font-size: 13px; line-height: normal; font-family: &quot;Helvetica Neue&quot;;\">- Komunikasi dengan sesama guru, tenaga kependidikan, orang tua, peserta didik, dan masyarakat</p>', 4),
(161, 40, 26, 'Profesional', 103, '3,1 - 4', 4, '<p><span class=\"selectable-text copyable-text\">Perlu pembinaan ,pembimbingan, dan pelatihan oleh pengawas sekolah dalam hal:<br></span><span style=\"font-size: 0.875rem;\">- Penguasaan materi, struktur, konsep, pola pikir keilmuan yang mendukung mata pelajaran yang diampu;<br></span><span style=\"font-size: 0.875rem;\">- Mengembangkan keprofesionalan melalui tindakan yang reflektif</span><br></p>', 4),
(162, 41, 23, 'Pedagogik', 110, '3,1 - 4', 4, '<p class=\"MsoNormal\" style=\"margin: 0cm 0cm 10pt; line-height: 16.8667px; font-size: 11pt; font-family: Calibri, sans-serif;\"><span lang=\"IN\">Perlu pendampingan dan pelatihan oleh pengawas sekolah dalam hal:</span></p><p class=\"MsoNormal\" style=\"margin: 0cm 0cm 10pt; line-height: 16.8667px; font-size: 11pt; font-family: Calibri, sans-serif;\"><span lang=\"IN\">- Mengenal karakteristik peserta didik;<o:p></o:p></span></p><p class=\"MsoNormal\" style=\"margin: 0cm 0cm 10pt; line-height: 16.8667px; font-size: 11pt; font-family: Calibri, sans-serif;\"><span lang=\"IN\">-Menguasai teori belajar dan prinsip-prinsip pembelajaran yang mendidik;<o:p></o:p></span></p><p class=\"MsoNormal\" style=\"margin: 0cm 0cm 10pt; line-height: 16.8667px; font-size: 11pt; font-family: Calibri, sans-serif;\"><span lang=\"IN\">-Pengembangan kurikulum;<o:p></o:p></span></p><p class=\"MsoNormal\" style=\"margin: 0cm 0cm 10pt; line-height: 16.8667px; font-size: 11pt; font-family: Calibri, sans-serif;\"><span lang=\"IN\">- Kegiatan pembelajaran yang mendidik;<o:p></o:p></span></p><p class=\"MsoNormal\" style=\"margin: 0cm 0cm 10pt; line-height: 16.8667px; font-size: 11pt; font-family: Calibri, sans-serif;\"><span lang=\"IN\">- Pengembangan potensi peserta didik;<o:p></o:p></span></p><p class=\"MsoNormal\" style=\"margin: 0cm 0cm 10pt; line-height: 16.8667px; font-size: 11pt; font-family: Calibri, sans-serif;\"><span lang=\"IN\">- Komunikasi dengan peserta didik;<o:p></o:p></span></p><p><span lang=\"IN\" style=\"font-size: 11pt; line-height: 16.8667px; font-family: Calibri, sans-serif;\">- Penilaian dan evaluasi</span><span style=\"font-size: medium;\"></span><br></p>', 4),
(163, 41, 24, 'Kepribadian', 97, '3,1 - 4', 4, '<p class=\"MsoNormal\" style=\"margin: 0cm 0cm 10pt; line-height: 16.8667px; font-size: 11pt; font-family: Calibri, sans-serif;\"><span lang=\"IN\">Perlu pendampingan dan pelatihan oleh pengawas sekolah dalam hal:</span></p><p class=\"MsoNormal\" style=\"margin: 0cm 0cm 10pt; line-height: 16.8667px; font-size: 11pt; font-family: Calibri, sans-serif;\"><span lang=\"IN\">-Bertindak sesuai dengan norma agama, hukum, sosial dan kebudayaan nasional;<o:p></o:p></span></p><p class=\"MsoNormal\" style=\"margin: 0cm 0cm 10pt; line-height: 16.8667px; font-size: 11pt; font-family: Calibri, sans-serif;\"><span lang=\"IN\">- Menunjukkan pribadi yang dewasa dan teladan;<o:p></o:p></span></p><p><span lang=\"IN\" style=\"font-size: 11pt; line-height: 16.8667px; font-family: Calibri, sans-serif;\">-Etos kerja, tanggung jawab yang tinggi, rasa bangga menjadi guru</span><span style=\"font-size: medium;\"></span><br></p>', 4),
(164, 41, 25, 'Sosial', 99, '2,1 - 3', 3, '<p class=\"p1\" style=\"margin-bottom: 0px; font-variant-numeric: normal; font-variant-east-asian: normal; font-variant-alternates: normal; font-kerning: auto; font-optical-sizing: auto; font-feature-settings: normal; font-variation-settings: normal; font-variant-position: normal; font-stretch: normal; font-size: 13px; line-height: normal; font-family: &quot;Helvetica Neue&quot;;\">Perlu pembimbingan,&nbsp;&nbsp; pendampingan dan pelatihan oleh pengawas sekolah dalam hal:<span class=\"Apple-converted-space\">&nbsp;</span></p><ul class=\"ul1\" style=\"list-style-type: &quot;—&nbsp;&nbsp;&quot;; font-size: medium;\"><li class=\"li1\" style=\"font-variant-numeric: normal; font-variant-east-asian: normal; font-variant-alternates: normal; font-kerning: auto; font-optical-sizing: auto; font-feature-settings: normal; font-variation-settings: normal; font-variant-position: normal; font-stretch: normal; font-size: 13px; line-height: normal; font-family: &quot;Helvetica Neue&quot;;\"><span class=\"s1\" style=\"font-variant-numeric: normal; font-variant-east-asian: normal; font-variant-alternates: normal; font-kerning: auto; font-optical-sizing: auto; font-feature-settings: normal; font-variation-settings: normal; font-variant-position: normal; font-stretch: normal; font-size: 12px; line-height: normal;\"></span>- Bersikap inklusif, bertindak obyektif, serta tidak diskriminatif;</li><li class=\"li1\" style=\"font-variant-numeric: normal; font-variant-east-asian: normal; font-variant-alternates: normal; font-kerning: auto; font-optical-sizing: auto; font-feature-settings: normal; font-variation-settings: normal; font-variant-position: normal; font-stretch: normal; font-size: 13px; line-height: normal; font-family: &quot;Helvetica Neue&quot;;\"><span class=\"s1\" style=\"font-variant-numeric: normal; font-variant-east-asian: normal; font-variant-alternates: normal; font-kerning: auto; font-optical-sizing: auto; font-feature-settings: normal; font-variation-settings: normal; font-variant-position: normal; font-stretch: normal; font-size: 12px; line-height: normal;\"></span>- Komunikasi dengan sesama guru, tenaga kependidikan, orang tua, peserta didik, dan masyarakat<span class=\"Apple-converted-space\">&nbsp;</span></li></ul>', 4),
(165, 41, 26, 'Profesional', 103, '3,1 - 4', 4, '<p><span class=\"selectable-text copyable-text\">Perlu pembinaan ,pembimbingan, dan pelatihan oleh pengawas sekolah dalam hal:<br></span><span style=\"font-size: 0.875rem;\">- Penguasaan materi, struktur, konsep, pola pikir keilmuan yang mendukung mata pelajaran yang diampu;<br></span><span style=\"font-size: 0.875rem;\">- Mengembangkan keprofesionalan melalui tindakan yang reflektif</span><br></p>', 4),
(166, 42, 23, 'Pedagogik', 109, '2,1 - 3', 3, '<p class=\"MsoNormal\" style=\"margin: 0cm 0cm 10pt; line-height: 16.8667px; font-size: 11pt; font-family: Calibri, sans-serif;\"><span lang=\"IN\">Perlu pembimbingan,   pendampingan dan pelatihan oleh pengawas sekolah dalam hal:</span></p><p class=\"MsoNormal\" style=\"margin: 0cm 0cm 10pt; line-height: 16.8667px; font-size: 11pt; font-family: Calibri, sans-serif;\"><span lang=\"IN\">- Mengenal karakteristik peserta didik;<o:p></o:p></span></p><p class=\"MsoNormal\" style=\"margin: 0cm 0cm 10pt; line-height: 16.8667px; font-size: 11pt; font-family: Calibri, sans-serif;\"><span lang=\"IN\">-Menguasai teori belajar dan prinsip-prinsip pembelajaran yang mendidik;<o:p></o:p></span></p><p class=\"MsoNormal\" style=\"margin: 0cm 0cm 10pt; line-height: 16.8667px; font-size: 11pt; font-family: Calibri, sans-serif;\"><span lang=\"IN\">-Pengembangan kurikulum;<o:p></o:p></span></p><p class=\"MsoNormal\" style=\"margin: 0cm 0cm 10pt; line-height: 16.8667px; font-size: 11pt; font-family: Calibri, sans-serif;\"><span lang=\"IN\">- Kegiatan pembelajaran yang mendidik;<o:p></o:p></span></p><p class=\"MsoNormal\" style=\"margin: 0cm 0cm 10pt; line-height: 16.8667px; font-size: 11pt; font-family: Calibri, sans-serif;\"><span lang=\"IN\">- Pengembangan potensi peserta didik;<o:p></o:p></span></p><p class=\"MsoNormal\" style=\"margin: 0cm 0cm 10pt; line-height: 16.8667px; font-size: 11pt; font-family: Calibri, sans-serif;\"><span lang=\"IN\">- Komunikasi dengan peserta didik;<o:p></o:p></span></p><p class=\"MsoNormal\" style=\"margin: 0cm 0cm 10pt; line-height: 16.8667px; font-size: 11pt; font-family: Calibri, sans-serif;\"><span lang=\"IN\">- Penilaian dan evaluasi<o:p></o:p></span></p>', 4),
(167, 42, 24, 'Kepribadian', 95, '0 - 2', 2, '<p class=\"MsoNormal\" style=\"margin: 0cm 0cm 10pt; line-height: 16.8667px; font-size: 11pt; font-family: Calibri, sans-serif;\"><span lang=\"IN\">Perlu pembinaan ,pembimbingan, dan pelatihan oleh pengawas sekolah dalam hal:</span></p><p class=\"MsoNormal\" style=\"margin: 0cm 0cm 10pt; line-height: 16.8667px; font-size: 11pt; font-family: Calibri, sans-serif;\"><span lang=\"IN\">-Bertindak sesuai dengan norma agama, hukum, sosial dan kebudayaan nasional;<o:p></o:p></span></p><p class=\"MsoNormal\" style=\"margin: 0cm 0cm 10pt; line-height: 16.8667px; font-size: 11pt; font-family: Calibri, sans-serif;\"><span lang=\"IN\">- Menunjukkan pribadi yang dewasa dan teladan;<o:p></o:p></span></p><p class=\"MsoNormal\" style=\"margin: 0cm 0cm 10pt; line-height: 16.8667px; font-size: 11pt; font-family: Calibri, sans-serif;\"><span lang=\"IN\">-Etos kerja, tanggung jawab yang tinggi, rasa bangga menjadi guru<o:p></o:p></span></p>', 4),
(168, 42, 25, 'Sosial', 100, '3,1 - 4', 4, '<p class=\"p1\" style=\"margin-bottom: 0px; font-variant-numeric: normal; font-variant-east-asian: normal; font-variant-alternates: normal; font-kerning: auto; font-optical-sizing: auto; font-feature-settings: normal; font-variation-settings: normal; font-variant-position: normal; font-stretch: normal; font-size: 13px; line-height: normal; font-family: &quot;Helvetica Neue&quot;;\">Perlu pendampingan dan pelatihan oleh pengawas sekolah dalam hal:</p><p class=\"p1\" style=\"margin-bottom: 0px; font-variant-numeric: normal; font-variant-east-asian: normal; font-variant-alternates: normal; font-kerning: auto; font-optical-sizing: auto; font-feature-settings: normal; font-variation-settings: normal; font-variant-position: normal; font-stretch: normal; font-size: 13px; line-height: normal; font-family: &quot;Helvetica Neue&quot;;\">- Bersikap inklusif, bertindak obyektif, serta tidak diskriminatif;</p><p class=\"p1\" style=\"margin-bottom: 0px; font-variant-numeric: normal; font-variant-east-asian: normal; font-variant-alternates: normal; font-kerning: auto; font-optical-sizing: auto; font-feature-settings: normal; font-variation-settings: normal; font-variant-position: normal; font-stretch: normal; font-size: 13px; line-height: normal; font-family: &quot;Helvetica Neue&quot;;\">- Komunikasi dengan sesama guru, tenaga kependidikan, orang tua, peserta didik, dan masyaraka<span class=\"Apple-converted-space\">&nbsp;</span></p>', 4),
(169, 42, 26, 'Profesional', 102, '2,1 - 3', 3, '<p><span class=\"selectable-text copyable-text\">Perlu pembinaan ,pembimbingan, dan pelatihan oleh pengawas sekolah dalam hal:<br></span><span style=\"font-size: 0.875rem;\">- Penguasaan materi, struktur, konsep, pola pikir keilmuan yang mendukung mata pelajaran yang diampu;<br></span><span style=\"font-size: 0.875rem;\">- Mengembangkan keprofesionalan melalui tindakan yang reflektif</span><br></p>', 4),
(170, 42, 27, 'Intuitif', 113, '3,1 - 4', 4, '<p>testing</p>', 4),
(171, 43, 23, 'Pedagogik', 109, '2,1 - 3', 3, '<p class=\"MsoNormal\" style=\"margin: 0cm 0cm 10pt; line-height: 16.8667px; font-size: 11pt; font-family: Calibri, sans-serif;\"><span lang=\"IN\">Perlu pembimbingan,   pendampingan dan pelatihan oleh pengawas sekolah dalam hal:</span></p><p class=\"MsoNormal\" style=\"margin: 0cm 0cm 10pt; line-height: 16.8667px; font-size: 11pt; font-family: Calibri, sans-serif;\"><span lang=\"IN\">- Mengenal karakteristik peserta didik;<o:p></o:p></span></p><p class=\"MsoNormal\" style=\"margin: 0cm 0cm 10pt; line-height: 16.8667px; font-size: 11pt; font-family: Calibri, sans-serif;\"><span lang=\"IN\">-Menguasai teori belajar dan prinsip-prinsip pembelajaran yang mendidik;<o:p></o:p></span></p><p class=\"MsoNormal\" style=\"margin: 0cm 0cm 10pt; line-height: 16.8667px; font-size: 11pt; font-family: Calibri, sans-serif;\"><span lang=\"IN\">-Pengembangan kurikulum;<o:p></o:p></span></p><p class=\"MsoNormal\" style=\"margin: 0cm 0cm 10pt; line-height: 16.8667px; font-size: 11pt; font-family: Calibri, sans-serif;\"><span lang=\"IN\">- Kegiatan pembelajaran yang mendidik;<o:p></o:p></span></p><p class=\"MsoNormal\" style=\"margin: 0cm 0cm 10pt; line-height: 16.8667px; font-size: 11pt; font-family: Calibri, sans-serif;\"><span lang=\"IN\">- Pengembangan potensi peserta didik;<o:p></o:p></span></p><p class=\"MsoNormal\" style=\"margin: 0cm 0cm 10pt; line-height: 16.8667px; font-size: 11pt; font-family: Calibri, sans-serif;\"><span lang=\"IN\">- Komunikasi dengan peserta didik;<o:p></o:p></span></p><p class=\"MsoNormal\" style=\"margin: 0cm 0cm 10pt; line-height: 16.8667px; font-size: 11pt; font-family: Calibri, sans-serif;\"><span lang=\"IN\">- Penilaian dan evaluasi<o:p></o:p></span></p>', 4),
(172, 43, 24, 'Kepribadian', 95, '0 - 2', 2, '<p class=\"MsoNormal\" style=\"margin: 0cm 0cm 10pt; line-height: 16.8667px; font-size: 11pt; font-family: Calibri, sans-serif;\"><span lang=\"IN\">Perlu pembinaan ,pembimbingan, dan pelatihan oleh pengawas sekolah dalam hal:</span></p><p class=\"MsoNormal\" style=\"margin: 0cm 0cm 10pt; line-height: 16.8667px; font-size: 11pt; font-family: Calibri, sans-serif;\"><span lang=\"IN\">-Bertindak sesuai dengan norma agama, hukum, sosial dan kebudayaan nasional;<o:p></o:p></span></p><p class=\"MsoNormal\" style=\"margin: 0cm 0cm 10pt; line-height: 16.8667px; font-size: 11pt; font-family: Calibri, sans-serif;\"><span lang=\"IN\">- Menunjukkan pribadi yang dewasa dan teladan;<o:p></o:p></span></p><p class=\"MsoNormal\" style=\"margin: 0cm 0cm 10pt; line-height: 16.8667px; font-size: 11pt; font-family: Calibri, sans-serif;\"><span lang=\"IN\">-Etos kerja, tanggung jawab yang tinggi, rasa bangga menjadi guru<o:p></o:p></span></p>', 4),
(173, 43, 25, 'Sosial', 100, '3,1 - 4', 4, '<p class=\"p1\" style=\"margin-bottom: 0px; font-variant-numeric: normal; font-variant-east-asian: normal; font-variant-alternates: normal; font-kerning: auto; font-optical-sizing: auto; font-feature-settings: normal; font-variation-settings: normal; font-variant-position: normal; font-stretch: normal; font-size: 13px; line-height: normal; font-family: &quot;Helvetica Neue&quot;;\">Perlu pendampingan dan pelatihan oleh pengawas sekolah dalam hal:</p><p class=\"p1\" style=\"margin-bottom: 0px; font-variant-numeric: normal; font-variant-east-asian: normal; font-variant-alternates: normal; font-kerning: auto; font-optical-sizing: auto; font-feature-settings: normal; font-variation-settings: normal; font-variant-position: normal; font-stretch: normal; font-size: 13px; line-height: normal; font-family: &quot;Helvetica Neue&quot;;\">- Bersikap inklusif, bertindak obyektif, serta tidak diskriminatif;</p><p class=\"p1\" style=\"margin-bottom: 0px; font-variant-numeric: normal; font-variant-east-asian: normal; font-variant-alternates: normal; font-kerning: auto; font-optical-sizing: auto; font-feature-settings: normal; font-variation-settings: normal; font-variant-position: normal; font-stretch: normal; font-size: 13px; line-height: normal; font-family: &quot;Helvetica Neue&quot;;\">- Komunikasi dengan sesama guru, tenaga kependidikan, orang tua, peserta didik, dan masyaraka<span class=\"Apple-converted-space\">&nbsp;</span></p>', 4),
(174, 43, 26, 'Profesional', 103, '3,1 - 4', 4, '<p><span class=\"selectable-text copyable-text\">Perlu pembinaan ,pembimbingan, dan pelatihan oleh pengawas sekolah dalam hal:<br></span><span style=\"font-size: 0.875rem;\">- Penguasaan materi, struktur, konsep, pola pikir keilmuan yang mendukung mata pelajaran yang diampu;<br></span><span style=\"font-size: 0.875rem;\">- Mengembangkan keprofesionalan melalui tindakan yang reflektif</span><br></p>', 4),
(175, 43, 27, 'Intuitif', 119, '3,1 - 4', 4, '<p>testing</p>', 4),
(176, 43, 28, 'Intuisi', 122, '3,1 - 4', 4, '<p>mklmlkm</p>', 4),
(193, 48, 23, 'Pedagogik', 108, '0 - 2', 2, '<p class=\"MsoNormal\" style=\"margin: 0cm 0cm 10pt; line-height: 16.8667px; font-size: 11pt; font-family: Calibri, sans-serif;\"><span lang=\"IN\">Perlu pembinaan , pembimbingan, dan pelatihan oleh pengawas sekolah dalam hal:<o:p></o:p></span></p><p class=\"MsoNormal\" style=\"margin: 0cm 0cm 10pt 13.45pt; line-height: 16.8667px; font-size: 11pt; font-family: Calibri, sans-serif; text-indent: -13.45pt;\"><span lang=\"IN\">- Mengenal karakteristik peserta didik;<o:p></o:p></span></p><p class=\"MsoNormal\" style=\"margin: 0cm 0cm 10pt; line-height: 16.8667px; font-size: 11pt; font-family: Calibri, sans-serif;\"><span lang=\"IN\">-Menguasai teori belajar dan prinsip-prinsip pembelajaran yang mendidik;<o:p></o:p></span></p><p class=\"MsoNormal\" style=\"margin: 0cm 0cm 10pt; line-height: 16.8667px; font-size: 11pt; font-family: Calibri, sans-serif;\"><span lang=\"IN\">-Pengembangan kurikulum;<o:p></o:p></span></p><p class=\"MsoNormal\" style=\"margin: 0cm 0cm 10pt; line-height: 16.8667px; font-size: 11pt; font-family: Calibri, sans-serif;\"><span lang=\"IN\">- Kegiatan pembelajaran yang mendidik;<o:p></o:p></span></p><p class=\"MsoNormal\" style=\"margin: 0cm 0cm 10pt; line-height: 16.8667px; font-size: 11pt; font-family: Calibri, sans-serif;\"><span lang=\"IN\">- Pengembangan potensi peserta didik;<o:p></o:p></span></p><p class=\"MsoNormal\" style=\"margin: 0cm 0cm 10pt; line-height: 16.8667px; font-size: 11pt; font-family: Calibri, sans-serif;\"><span lang=\"IN\">- Komunikasi dengan peserta didik;<o:p></o:p></span></p><p><span lang=\"IN\" style=\"font-size: 11pt; line-height: 16.8667px; font-family: Calibri, sans-serif;\">- Penilaian dan evaluasi</span><span style=\"font-size: medium;\"></span><br></p>', 4),
(194, 48, 24, 'Kepribadian', 95, '0 - 2', 2, '<p class=\"MsoNormal\" style=\"margin: 0cm 0cm 10pt; line-height: 16.8667px; font-size: 11pt; font-family: Calibri, sans-serif;\"><span lang=\"IN\">Perlu pembinaan ,pembimbingan, dan pelatihan oleh pengawas sekolah dalam hal:</span></p><p class=\"MsoNormal\" style=\"margin: 0cm 0cm 10pt; line-height: 16.8667px; font-size: 11pt; font-family: Calibri, sans-serif;\"><span lang=\"IN\">-Bertindak sesuai dengan norma agama, hukum, sosial dan kebudayaan nasional;<o:p></o:p></span></p><p class=\"MsoNormal\" style=\"margin: 0cm 0cm 10pt; line-height: 16.8667px; font-size: 11pt; font-family: Calibri, sans-serif;\"><span lang=\"IN\">- Menunjukkan pribadi yang dewasa dan teladan;<o:p></o:p></span></p><p class=\"MsoNormal\" style=\"margin: 0cm 0cm 10pt; line-height: 16.8667px; font-size: 11pt; font-family: Calibri, sans-serif;\"><span lang=\"IN\">-Etos kerja, tanggung jawab yang tinggi, rasa bangga menjadi guru<o:p></o:p></span></p>', 4),
(195, 48, 25, 'Sosial', 99, '2,1 - 3', 3, '<p class=\"p1\" style=\"margin-bottom: 0px; font-variant-numeric: normal; font-variant-east-asian: normal; font-variant-alternates: normal; font-kerning: auto; font-optical-sizing: auto; font-feature-settings: normal; font-variation-settings: normal; font-variant-position: normal; font-stretch: normal; font-size: 13px; line-height: normal; font-family: &quot;Helvetica Neue&quot;;\">Perlu pembimbingan,&nbsp;&nbsp; pendampingan dan pelatihan oleh pengawas sekolah dalam hal:<span class=\"Apple-converted-space\">&nbsp;</span></p><ul class=\"ul1\" style=\"list-style-type: &quot;—&nbsp;&nbsp;&quot;; font-size: medium;\"><li class=\"li1\" style=\"font-variant-numeric: normal; font-variant-east-asian: normal; font-variant-alternates: normal; font-kerning: auto; font-optical-sizing: auto; font-feature-settings: normal; font-variation-settings: normal; font-variant-position: normal; font-stretch: normal; font-size: 13px; line-height: normal; font-family: &quot;Helvetica Neue&quot;;\"><span class=\"s1\" style=\"font-variant-numeric: normal; font-variant-east-asian: normal; font-variant-alternates: normal; font-kerning: auto; font-optical-sizing: auto; font-feature-settings: normal; font-variation-settings: normal; font-variant-position: normal; font-stretch: normal; font-size: 12px; line-height: normal;\"></span>- Bersikap inklusif, bertindak obyektif, serta tidak diskriminatif;</li><li class=\"li1\" style=\"font-variant-numeric: normal; font-variant-east-asian: normal; font-variant-alternates: normal; font-kerning: auto; font-optical-sizing: auto; font-feature-settings: normal; font-variation-settings: normal; font-variant-position: normal; font-stretch: normal; font-size: 13px; line-height: normal; font-family: &quot;Helvetica Neue&quot;;\"><span class=\"s1\" style=\"font-variant-numeric: normal; font-variant-east-asian: normal; font-variant-alternates: normal; font-kerning: auto; font-optical-sizing: auto; font-feature-settings: normal; font-variation-settings: normal; font-variant-position: normal; font-stretch: normal; font-size: 12px; line-height: normal;\"></span>- Komunikasi dengan sesama guru, tenaga kependidikan, orang tua, peserta didik, dan masyarakat<span class=\"Apple-converted-space\">&nbsp;</span></li></ul>', 4),
(196, 48, 26, 'Profesional', 103, '3,1 - 4', 4, '<p><span class=\"selectable-text copyable-text\">Perlu pembinaan ,pembimbingan, dan pelatihan oleh pengawas sekolah dalam hal:<br></span><span style=\"font-size: 0.875rem;\">- Penguasaan materi, struktur, konsep, pola pikir keilmuan yang mendukung mata pelajaran yang diampu;<br></span><span style=\"font-size: 0.875rem;\">- Mengembangkan keprofesionalan melalui tindakan yang reflektif</span><br></p>', 4),
(197, 49, 23, 'Pedagogik', 109, '2,1 - 3', 3, '<p class=\"MsoNormal\" style=\"margin: 0cm 0cm 10pt; line-height: 16.8667px; font-size: 11pt; font-family: Calibri, sans-serif;\"><span lang=\"IN\">Perlu pembimbingan,   pendampingan dan pelatihan oleh pengawas sekolah dalam hal:</span></p><p class=\"MsoNormal\" style=\"margin: 0cm 0cm 10pt; line-height: 16.8667px; font-size: 11pt; font-family: Calibri, sans-serif;\"><span lang=\"IN\">- Mengenal karakteristik peserta didik;<o:p></o:p></span></p><p class=\"MsoNormal\" style=\"margin: 0cm 0cm 10pt; line-height: 16.8667px; font-size: 11pt; font-family: Calibri, sans-serif;\"><span lang=\"IN\">-Menguasai teori belajar dan prinsip-prinsip pembelajaran yang mendidik;<o:p></o:p></span></p><p class=\"MsoNormal\" style=\"margin: 0cm 0cm 10pt; line-height: 16.8667px; font-size: 11pt; font-family: Calibri, sans-serif;\"><span lang=\"IN\">-Pengembangan kurikulum;<o:p></o:p></span></p><p class=\"MsoNormal\" style=\"margin: 0cm 0cm 10pt; line-height: 16.8667px; font-size: 11pt; font-family: Calibri, sans-serif;\"><span lang=\"IN\">- Kegiatan pembelajaran yang mendidik;<o:p></o:p></span></p><p class=\"MsoNormal\" style=\"margin: 0cm 0cm 10pt; line-height: 16.8667px; font-size: 11pt; font-family: Calibri, sans-serif;\"><span lang=\"IN\">- Pengembangan potensi peserta didik;<o:p></o:p></span></p><p class=\"MsoNormal\" style=\"margin: 0cm 0cm 10pt; line-height: 16.8667px; font-size: 11pt; font-family: Calibri, sans-serif;\"><span lang=\"IN\">- Komunikasi dengan peserta didik;<o:p></o:p></span></p><p class=\"MsoNormal\" style=\"margin: 0cm 0cm 10pt; line-height: 16.8667px; font-size: 11pt; font-family: Calibri, sans-serif;\"><span lang=\"IN\">- Penilaian dan evaluasi<o:p></o:p></span></p>', 4),
(198, 49, 24, 'Kepribadian', 95, '0 - 2', 2, '<p class=\"MsoNormal\" style=\"margin: 0cm 0cm 10pt; line-height: 16.8667px; font-size: 11pt; font-family: Calibri, sans-serif;\"><span lang=\"IN\">Perlu pembinaan ,pembimbingan, dan pelatihan oleh pengawas sekolah dalam hal:</span></p><p class=\"MsoNormal\" style=\"margin: 0cm 0cm 10pt; line-height: 16.8667px; font-size: 11pt; font-family: Calibri, sans-serif;\"><span lang=\"IN\">-Bertindak sesuai dengan norma agama, hukum, sosial dan kebudayaan nasional;<o:p></o:p></span></p><p class=\"MsoNormal\" style=\"margin: 0cm 0cm 10pt; line-height: 16.8667px; font-size: 11pt; font-family: Calibri, sans-serif;\"><span lang=\"IN\">- Menunjukkan pribadi yang dewasa dan teladan;<o:p></o:p></span></p><p class=\"MsoNormal\" style=\"margin: 0cm 0cm 10pt; line-height: 16.8667px; font-size: 11pt; font-family: Calibri, sans-serif;\"><span lang=\"IN\">-Etos kerja, tanggung jawab yang tinggi, rasa bangga menjadi guru<o:p></o:p></span></p>', 4),
(199, 49, 25, 'Sosial', 98, '0 - 2', 2, '<p class=\"p1\" style=\"margin-bottom: 0px; font-variant-numeric: normal; font-variant-east-asian: normal; font-variant-alternates: normal; font-kerning: auto; font-optical-sizing: auto; font-feature-settings: normal; font-variation-settings: normal; font-variant-position: normal; font-stretch: normal; font-size: 13px; line-height: normal; font-family: &quot;Helvetica Neue&quot;;\">Perlu pembinaan ,pembimbingan, dan pelatihan oleh pengawas sekolah dalam hal:</p><p class=\"p1\" style=\"margin-bottom: 0px; font-variant-numeric: normal; font-variant-east-asian: normal; font-variant-alternates: normal; font-kerning: auto; font-optical-sizing: auto; font-feature-settings: normal; font-variation-settings: normal; font-variant-position: normal; font-stretch: normal; font-size: 13px; line-height: normal; font-family: &quot;Helvetica Neue&quot;;\">- Bersikap inklusif, bertindak obyektif, serta tidak diskriminatif;</p><p class=\"p1\" style=\"margin-bottom: 0px; font-variant-numeric: normal; font-variant-east-asian: normal; font-variant-alternates: normal; font-kerning: auto; font-optical-sizing: auto; font-feature-settings: normal; font-variation-settings: normal; font-variant-position: normal; font-stretch: normal; font-size: 13px; line-height: normal; font-family: &quot;Helvetica Neue&quot;;\">- Komunikasi dengan sesama guru, tenaga kependidikan, orang tua, peserta didik, dan masyarakat</p>', 4),
(200, 49, 26, 'Profesional', 103, '3,1 - 4', 4, '<p><span class=\"selectable-text copyable-text\">Perlu pembinaan ,pembimbingan, dan pelatihan oleh pengawas sekolah dalam hal:<br></span><span style=\"font-size: 0.875rem;\">- Penguasaan materi, struktur, konsep, pola pikir keilmuan yang mendukung mata pelajaran yang diampu;<br></span><span style=\"font-size: 0.875rem;\">- Mengembangkan keprofesionalan melalui tindakan yang reflektif</span><br></p>', 4),
(201, 50, 23, 'Pedagogik', 108, '0 - 2', 2, '<p class=\"MsoNormal\" style=\"margin: 0cm 0cm 10pt; line-height: 16.8667px; font-size: 11pt; font-family: Calibri, sans-serif;\"><span lang=\"IN\">Perlu pembinaan , pembimbingan, dan pelatihan oleh pengawas sekolah dalam hal:<o:p></o:p></span></p><p class=\"MsoNormal\" style=\"margin: 0cm 0cm 10pt 13.45pt; line-height: 16.8667px; font-size: 11pt; font-family: Calibri, sans-serif; text-indent: -13.45pt;\"><span lang=\"IN\">- Mengenal karakteristik peserta didik;<o:p></o:p></span></p><p class=\"MsoNormal\" style=\"margin: 0cm 0cm 10pt; line-height: 16.8667px; font-size: 11pt; font-family: Calibri, sans-serif;\"><span lang=\"IN\">-Menguasai teori belajar dan prinsip-prinsip pembelajaran yang mendidik;<o:p></o:p></span></p><p class=\"MsoNormal\" style=\"margin: 0cm 0cm 10pt; line-height: 16.8667px; font-size: 11pt; font-family: Calibri, sans-serif;\"><span lang=\"IN\">-Pengembangan kurikulum;<o:p></o:p></span></p><p class=\"MsoNormal\" style=\"margin: 0cm 0cm 10pt; line-height: 16.8667px; font-size: 11pt; font-family: Calibri, sans-serif;\"><span lang=\"IN\">- Kegiatan pembelajaran yang mendidik;<o:p></o:p></span></p><p class=\"MsoNormal\" style=\"margin: 0cm 0cm 10pt; line-height: 16.8667px; font-size: 11pt; font-family: Calibri, sans-serif;\"><span lang=\"IN\">- Pengembangan potensi peserta didik;<o:p></o:p></span></p><p class=\"MsoNormal\" style=\"margin: 0cm 0cm 10pt; line-height: 16.8667px; font-size: 11pt; font-family: Calibri, sans-serif;\"><span lang=\"IN\">- Komunikasi dengan peserta didik;<o:p></o:p></span></p><p><span lang=\"IN\" style=\"font-size: 11pt; line-height: 16.8667px; font-family: Calibri, sans-serif;\">- Penilaian dan evaluasi</span><span style=\"font-size: medium;\"></span><br></p>', 4),
(202, 50, 24, 'Kepribadian', 96, '2,1 - 3', 3, '<p class=\"MsoNormal\" style=\"margin: 0cm 0cm 10pt; line-height: 16.8667px; font-size: 11pt; font-family: Calibri, sans-serif;\"><span lang=\"IN\">Perlu pembimbingan,&nbsp;&nbsp; pendampingan dan pelatihan oleh pengawas sekolah dalam hal:<o:p></o:p></span></p><p class=\"MsoNormal\" style=\"margin: 0cm 0cm 10pt; line-height: 16.8667px; font-size: 11pt; font-family: Calibri, sans-serif;\"><span lang=\"IN\">Bertindak sesuai dengan norma agama, hukum, sosial dan kebudayaan nasional;<o:p></o:p></span></p><p class=\"MsoNormal\" style=\"margin: 0cm 0cm 10pt; line-height: 16.8667px; font-size: 11pt; font-family: Calibri, sans-serif;\"><span lang=\"IN\">- Menunjukkan pribadi yang dewasa dan teladan;<o:p></o:p></span></p><p><span lang=\"IN\" style=\"font-size: 11pt; line-height: 16.8667px; font-family: Calibri, sans-serif;\">-Etos kerja, tanggung jawab yang tinggi, rasa bangga menjadi guru</span><span style=\"font-size: medium;\"></span><br></p>', 4),
(203, 50, 25, 'Sosial', 99, '2,1 - 3', 3, '<p class=\"p1\" style=\"margin-bottom: 0px; font-variant-numeric: normal; font-variant-east-asian: normal; font-variant-alternates: normal; font-kerning: auto; font-optical-sizing: auto; font-feature-settings: normal; font-variation-settings: normal; font-variant-position: normal; font-stretch: normal; font-size: 13px; line-height: normal; font-family: &quot;Helvetica Neue&quot;;\">Perlu pembimbingan,&nbsp;&nbsp; pendampingan dan pelatihan oleh pengawas sekolah dalam hal:<span class=\"Apple-converted-space\">&nbsp;</span></p><ul class=\"ul1\" style=\"list-style-type: &quot;—&nbsp;&nbsp;&quot;; font-size: medium;\"><li class=\"li1\" style=\"font-variant-numeric: normal; font-variant-east-asian: normal; font-variant-alternates: normal; font-kerning: auto; font-optical-sizing: auto; font-feature-settings: normal; font-variation-settings: normal; font-variant-position: normal; font-stretch: normal; font-size: 13px; line-height: normal; font-family: &quot;Helvetica Neue&quot;;\"><span class=\"s1\" style=\"font-variant-numeric: normal; font-variant-east-asian: normal; font-variant-alternates: normal; font-kerning: auto; font-optical-sizing: auto; font-feature-settings: normal; font-variation-settings: normal; font-variant-position: normal; font-stretch: normal; font-size: 12px; line-height: normal;\"></span>- Bersikap inklusif, bertindak obyektif, serta tidak diskriminatif;</li><li class=\"li1\" style=\"font-variant-numeric: normal; font-variant-east-asian: normal; font-variant-alternates: normal; font-kerning: auto; font-optical-sizing: auto; font-feature-settings: normal; font-variation-settings: normal; font-variant-position: normal; font-stretch: normal; font-size: 13px; line-height: normal; font-family: &quot;Helvetica Neue&quot;;\"><span class=\"s1\" style=\"font-variant-numeric: normal; font-variant-east-asian: normal; font-variant-alternates: normal; font-kerning: auto; font-optical-sizing: auto; font-feature-settings: normal; font-variation-settings: normal; font-variant-position: normal; font-stretch: normal; font-size: 12px; line-height: normal;\"></span>- Komunikasi dengan sesama guru, tenaga kependidikan, orang tua, peserta didik, dan masyarakat<span class=\"Apple-converted-space\">&nbsp;</span></li></ul>', 4),
(204, 50, 26, 'Profesional', 103, '3,1 - 4', 4, '<p><span class=\"selectable-text copyable-text\">Perlu pembinaan ,pembimbingan, dan pelatihan oleh pengawas sekolah dalam hal:<br></span><span style=\"font-size: 0.875rem;\">- Penguasaan materi, struktur, konsep, pola pikir keilmuan yang mendukung mata pelajaran yang diampu;<br></span><span style=\"font-size: 0.875rem;\">- Mengembangkan keprofesionalan melalui tindakan yang reflektif</span><br></p>', 4);

-- --------------------------------------------------------

--
-- Table structure for table `levels`
--

CREATE TABLE `levels` (
  `id` int(5) UNSIGNED NOT NULL,
  `level` varchar(255) NOT NULL
) ENGINE=InnoDB DEFAULT CHARSET=utf8 COLLATE=utf8_general_ci;

--
-- Dumping data for table `levels`
--

INSERT INTO `levels` (`id`, `level`) VALUES
(1, 'Pengawas'),
(2, 'Kepala Sekolah'),
(3, 'Admin');

-- --------------------------------------------------------

--
-- Table structure for table `log_activities`
--

CREATE TABLE `log_activities` (
  `id` int(11) NOT NULL,
  `tables_name` varchar(255) NOT NULL,
  `description` varchar(255) NOT NULL,
  `before` varchar(255) DEFAULT NULL,
  `after` varchar(255) DEFAULT NULL,
  `create_date` datetime NOT NULL,
  `create_by` varchar(75) NOT NULL,
  `active` tinyint(1) NOT NULL DEFAULT 1
) ENGINE=InnoDB DEFAULT CHARSET=latin1 COLLATE=latin1_swedish_ci;

--
-- Dumping data for table `log_activities`
--

INSERT INTO `log_activities` (`id`, `tables_name`, `description`, `before`, `after`, `create_date`, `create_by`, `active`) VALUES
(3, 'users', 'Logout from scheva', '', '', '2023-11-21 03:18:43', '6', 1),
(5, 'criterias', 'Access menu criteria', '', '', '2023-11-21 03:22:28', '17', 1),
(6, 'criterias', 'Access form criteria', '', '', '2023-11-21 03:25:58', '17', 1),
(7, 'criterias', 'Insert new data criteria', '', '7', '2023-11-21 03:26:16', '17', 1),
(8, 'criterias', 'Access menu criteria', '', '', '2023-11-21 03:26:16', '17', 1),
(9, 'criterias', 'Access form edit criteria', '', '', '2023-11-21 03:26:33', '17', 1),
(10, 'criterias', 'Access form edit criteria', '', '', '2023-11-21 03:26:34', '17', 1),
(11, 'criterias', 'Update data criteria', '', '7', '2023-11-21 03:27:49', '17', 1),
(12, 'criterias', 'Access menu criteria', '', '', '2023-11-21 03:27:49', '17', 1),
(13, 'criterias', 'Delete data criteria', '', '7', '2023-11-21 03:28:02', '17', 1),
(14, 'users', 'Access menu users', '', '', '2023-11-21 03:46:56', '17', 1),
(15, 'users', 'Access form users', '', '', '2023-11-21 03:47:13', '17', 1),
(16, 'users', 'Insert data users level kepala sekolah', '', '19', '2023-11-21 03:48:05', '17', 1),
(17, 'users', 'Access menu users', '', '', '2023-11-21 03:48:05', '17', 1),
(18, 'users', 'Access form edit user', '', '19', '2023-11-21 03:48:25', '17', 1),
(19, 'users', 'Access form edit user', '', 'images', '2023-11-21 03:48:25', '17', 1),
(20, 'users', 'Update data user kepala sekolah', '', '19', '2023-11-21 03:48:34', '17', 1),
(21, 'users', 'Access menu users', '', '', '2023-11-21 03:48:34', '17', 1),
(22, 'users', 'Delete data user', '', '19', '2023-11-21 03:50:39', '17', 1),
(23, 'schools', 'Access menu school', '', '', '2023-11-21 03:50:56', '17', 1),
(24, 'schools', 'View data school', '', '1', '2023-11-21 03:51:05', '17', 1),
(25, 'bookmarks', 'Delete Bookmark school', '', '16', '2023-11-21 03:51:15', '17', 1),
(26, 'bookmarks', 'Bookmark school', '', '0', '2023-11-21 03:52:57', '17', 1),
(27, 'bookmarks', 'Delete Bookmark school', '', '17', '2023-11-21 03:53:33', '17', 1),
(28, 'bookmarks', 'Bookmark school', '', '0', '2023-11-21 03:54:36', '17', 1),
(29, 'bookmarks', 'Delete Bookmark school', '', '18', '2023-11-21 03:54:53', '17', 1),
(30, 'bookmarks', 'Bookmark school', '', '19', '2023-11-21 03:54:58', '17', 1),
(31, 'schools', 'Access form school', '', '', '2023-11-21 03:55:19', '17', 1),
(32, 'schools', 'Access form school', '', '', '2023-11-21 03:55:40', '17', 1),
(33, 'schools', 'Access menu school', '', '', '2023-11-21 03:55:50', '17', 1),
(34, 'schools', 'Access form school', '', '', '2023-11-21 03:55:54', '17', 1),
(35, 'schools', 'Access form school', '', '', '2023-11-21 03:56:26', '17', 1),
(36, 'schools', 'Insert data school', '', '10', '2023-11-21 03:56:53', '17', 1),
(37, 'schools', 'Access menu school', '', '', '2023-11-21 03:56:53', '17', 1),
(38, 'schools', 'Access form edit school', '', '10', '2023-11-21 03:57:07', '17', 1),
(39, 'schools', 'Access form edit school', '', 'images', '2023-11-21 03:57:07', '17', 1),
(40, 'schools', 'Update data school', '', '10', '2023-11-21 03:57:13', '17', 1),
(41, 'schools', 'Access menu school', '', '', '2023-11-21 03:57:13', '17', 1),
(42, 'schools', 'View data school', '', '10', '2023-11-21 03:57:52', '17', 1),
(43, 'schools', 'Delete data school', '', '10', '2023-11-21 03:57:56', '17', 1),
(44, 'questions', 'Access menu question', '', '', '2023-11-21 03:58:06', '17', 1),
(45, 'questions', 'Access form question', '', '', '2023-11-21 03:58:08', '17', 1),
(46, 'questions', 'Insert data question', '', '17', '2023-11-21 03:58:43', '17', 1),
(47, 'questions', 'Access menu question', '', '', '2023-11-21 03:58:43', '17', 1),
(48, 'questions', 'View data question', '', '17', '2023-11-21 03:58:54', '17', 1),
(49, 'questions', 'Access Edit form question', '', '', '2023-11-21 03:59:03', '17', 1),
(50, 'questions', 'Access Edit form question', '', '', '2023-11-21 03:59:03', '17', 1),
(51, 'questions', 'Update data question', '', '17', '2023-11-21 03:59:07', '17', 1),
(52, 'questions', 'Access menu question', '', '', '2023-11-21 03:59:07', '17', 1),
(53, 'questions', 'Delete data question', '', '17', '2023-11-21 03:59:24', '17', 1),
(54, 'criterias', 'Access menu criteria', '', '', '2023-11-21 03:59:32', '17', 1),
(55, 'evaluations', 'Access menu Evaluation', '', '', '2023-11-21 03:59:36', '17', 1),
(56, 'evaluations', 'View Evaluation', '', '31', '2023-11-21 03:59:46', '17', 1),
(57, 'evaluations', 'View Evaluation', '', 'images', '2023-11-21 03:59:47', '17', 1),
(58, 'users', 'Logout from scheva', '', '', '2023-11-21 04:00:01', '17', 1),
(59, 'users', 'Login to scheva', '', '', '2023-11-21 04:00:11', '6', 1),
(60, 'evaluations', 'Access menu Evaluation', '', '', '2023-11-21 04:00:13', '6', 1),
(61, 'evaluations', 'Access form Evaluation', '', '', '2023-11-21 04:00:15', '6', 1),
(62, 'evaluations', 'Submit Evaluation', '', '32', '2023-11-21 04:00:42', '6', 1),
(63, 'evaluations', 'Access menu Evaluation', '', '', '2023-11-21 04:00:42', '6', 1),
(64, 'users', 'Logout from scheva', '', '', '2023-11-21 04:01:14', '6', 1),
(65, 'users', 'Login to scheva', '', '', '2023-11-21 04:05:36', '6', 1),
(66, 'schools', 'Access menu school', '', '', '2023-11-21 04:05:43', '6', 1),
(67, 'schools', 'View data school', '', '1', '2023-11-21 04:05:47', '6', 1),
(68, 'evaluations', 'View Evaluation', '', '32', '2023-11-21 04:05:51', '6', 1),
(69, 'evaluations', 'View Evaluation', '', 'images', '2023-11-21 04:05:52', '6', 1),
(70, 'evaluations', 'Access menu Evaluation', '', '', '2023-11-21 04:05:59', '6', 1),
(71, 'evaluations', 'Access form Evaluation', '', '', '2023-11-21 04:06:03', '6', 1),
(72, 'schools', 'Access menu school', '', '', '2023-11-21 04:06:17', '6', 1),
(73, 'evaluations', 'Access menu Evaluation', '', '', '2023-11-21 04:06:25', '6', 1),
(74, 'schools', 'Access menu school', '', '', '2023-11-21 04:06:30', '6', 1),
(75, 'evaluations', 'Access menu Evaluation', '', '', '2023-11-21 04:06:45', '6', 1),
(76, 'evaluations', 'Access menu Evaluation', '', '', '2023-11-21 04:06:49', '6', 1),
(77, 'users', 'Logout from scheva', '', '', '2023-11-21 04:12:41', '6', 1),
(78, 'users', 'Login to scheva', '', '', '2023-11-21 04:12:48', '17', 1),
(79, 'users', 'Access menu users', '', '', '2023-11-21 04:12:51', '17', 1),
(80, 'users', 'Access form edit user', '', '14', '2023-11-21 04:12:55', '17', 1),
(81, 'users', 'Access form edit user', '', 'images', '2023-11-21 04:12:56', '17', 1),
(82, 'evaluations', 'Access menu Evaluation', '', '', '2023-11-21 04:21:51', '17', 1),
(83, 'users', 'Access profile page', '', '', '2023-11-21 06:27:21', '17', 1),
(84, 'users', 'Access profile page', '', '', '2023-11-21 06:27:39', '17', 1),
(85, 'users', 'Access profile page', '', '', '2023-11-21 06:29:07', '17', 1),
(86, 'users', 'Access profile page', '', '', '2023-11-21 06:30:25', '17', 1),
(87, 'users', 'Access profile page', '', '', '2023-11-21 06:31:14', '17', 1),
(88, 'users', 'Access profile page', '', '', '2023-11-21 06:34:16', '17', 1),
(89, 'users', 'Access profile page', '', '', '2023-11-21 06:34:28', '17', 1),
(90, 'users', 'Access profile page', '', '', '2023-11-21 06:39:37', '17', 1),
(91, 'users', 'Access profile page', '', '', '2023-11-21 06:40:00', '17', 1),
(92, 'users', 'Access profile page', '', '', '2023-11-21 06:42:28', '17', 1),
(93, 'users', 'Access profile page', '', '', '2023-11-21 06:42:52', '17', 1),
(94, 'users', 'Access profile page', '', '', '2023-11-21 06:43:03', '17', 1),
(95, 'users', 'Access profile page', '', '', '2023-11-21 06:43:29', '17', 1),
(96, 'users', 'Access profile page', '', '', '2023-11-21 06:43:43', '17', 1),
(97, 'users', 'Access profile page', '', '', '2023-11-21 06:51:35', '17', 1),
(98, 'users', 'Access profile page', '', '', '2023-11-21 06:51:51', '17', 1),
(99, 'users', 'Access profile page', '', '', '2023-11-21 06:52:18', '17', 1),
(100, 'evaluations', 'Access menu Evaluation', '', '', '2023-11-21 06:52:37', '17', 1),
(101, 'users', 'Access profile page', '', '', '2023-11-21 06:53:24', '17', 1),
(102, 'users', 'Access profile page', '', '', '2023-11-21 06:54:03', '17', 1),
(103, 'users', 'Access form edit user', '', '17', '2023-11-21 06:54:06', '17', 1),
(104, 'users', 'Access form edit user', '', 'images', '2023-11-21 06:54:06', '17', 1),
(105, 'users', 'Access profile page', '', '', '2023-11-21 06:54:29', '17', 1),
(106, 'questions', 'Access menu question', '', '', '2023-11-21 06:54:52', '17', 1),
(107, 'users', 'Access profile page', '', '', '2023-11-21 07:05:45', '17', 1),
(108, 'users', 'Access profile page', '', '', '2023-11-21 07:07:15', '17', 1),
(109, 'users', 'Access profile page', '', '', '2023-11-21 07:08:12', '17', 1),
(110, 'users', 'Access profile page', '', '', '2023-11-21 07:08:52', '17', 1),
(111, 'users', 'Access profile page', '', '', '2023-11-21 07:10:04', '17', 1),
(112, 'users', 'Access profile page', '', '', '2023-11-21 07:10:49', '17', 1),
(113, 'users', 'Access profile page', '', '', '2023-11-21 07:11:17', '17', 1),
(114, 'users', 'Access profile page', '', '', '2023-11-21 07:11:29', '17', 1),
(115, 'users', 'Access profile page', '', '', '2023-11-21 07:11:37', '17', 1),
(116, 'users', 'Logout from scheva', '', '', '2023-11-21 07:11:51', '17', 1),
(117, 'users', 'Login to scheva', '', '', '2023-11-21 07:14:40', '6', 1),
(118, 'users', 'Access profile page', '', '', '2023-11-21 07:14:44', '6', 1),
(119, 'users', 'Access profile page', '', '', '2023-11-21 07:16:12', '6', 1),
(120, 'users', 'Access profile page', '', '', '2023-11-21 07:17:35', '6', 1),
(121, 'users', 'Access profile page', '', '', '2023-11-21 07:18:14', '6', 1),
(122, 'users', 'Access profile page', '', '', '2023-11-21 07:18:27', '6', 1),
(123, 'users', 'Access profile page', '', '', '2023-11-21 07:20:10', '6', 1),
(124, 'users', 'Access profile page', '', '', '2023-11-21 07:21:26', '6', 1),
(125, 'schools', 'Access menu school', '', '', '2023-11-21 07:23:16', '6', 1),
(126, 'users', 'Access profile page', '', '', '2023-11-21 07:23:24', '6', 1),
(127, 'users', 'Access profile page', '', '', '2023-11-21 07:25:52', '6', 1),
(128, 'users', 'Access profile page', '', '', '2023-11-21 07:26:52', '6', 1),
(129, 'users', 'Access profile page', '', '', '2023-11-21 07:27:20', '6', 1),
(130, 'users', 'Access profile page', '', '', '2023-11-21 07:28:19', '6', 1),
(131, 'users', 'Access profile page', '', '', '2023-11-21 07:30:11', '6', 1),
(132, 'users', 'Access profile page', '', '', '2023-11-21 07:30:24', '6', 1),
(133, 'users', 'Access profile page', '', '', '2023-11-21 07:31:33', '6', 1),
(134, 'users', 'Access profile page', '', '', '2023-11-21 07:31:49', '6', 1),
(135, 'schools', 'Access menu school', '', '', '2023-11-21 07:33:35', '6', 1),
(136, 'users', 'Access profile page', '', '', '2023-11-21 07:34:16', '6', 1),
(137, 'users', 'Access profile page', '', '', '2023-11-21 07:35:56', '6', 1),
(138, 'users', 'Access profile page', '', '', '2023-11-21 07:38:16', '6', 1),
(139, 'users', 'Access profile page', '', '', '2023-11-21 07:39:09', '6', 1),
(140, 'users', 'Logout from scheva', '', '', '2023-11-21 07:40:36', '6', 1),
(141, 'users', 'Login to scheva', '', '', '2023-11-21 07:40:45', '17', 1),
(142, 'schools', 'Access menu school', '', '', '2023-11-21 07:40:49', '17', 1),
(143, 'schools', 'Access menu school', '', '', '2023-11-21 07:41:38', '17', 1),
(144, 'users', 'Access profile page', '', '', '2023-11-21 07:41:43', '17', 1),
(145, 'users', 'Access profile page', '', '', '2023-11-21 07:42:19', '17', 1),
(146, 'users', 'Access profile page', '', '', '2023-11-21 07:46:21', '17', 1),
(147, 'users', 'Access profile page', '', '', '2023-11-21 07:47:18', '17', 1),
(148, 'users', 'Access profile page', '', '', '2023-11-21 07:48:05', '17', 1),
(149, 'users', 'Access profile page', '', '', '2023-11-21 07:49:42', '17', 1),
(150, 'users', 'Access profile page', '', '', '2023-11-21 07:52:53', '17', 1),
(151, 'users', 'Access profile page', '', '', '2023-11-21 07:56:01', '17', 1),
(152, 'users', 'Access profile page', '', '', '2023-11-21 08:01:25', '17', 1),
(153, 'users', 'Access profile page', '', '', '2023-11-21 08:02:20', '17', 1),
(154, 'users', 'Access profile page', '', '', '2023-11-21 08:04:45', '17', 1),
(155, 'users', 'Access profile page', '', '', '2023-11-21 08:05:08', '17', 1),
(156, 'users', 'Access profile page', '', '', '2023-11-21 08:05:22', '17', 1),
(157, 'users', 'Access profile page', '', '', '2023-11-21 08:07:09', '17', 1),
(158, 'users', 'Access profile page', '', '', '2023-11-21 08:10:25', '17', 1),
(159, 'users', 'Access profile page', '', '', '2023-11-21 08:11:09', '17', 1),
(160, 'users', 'Access profile page', '', '', '2023-11-21 08:15:41', '17', 1),
(161, 'users', 'Access profile page', '', '', '2023-11-21 08:15:53', '17', 1),
(162, 'users', 'Access profile page', '', '', '2023-11-21 08:16:42', '17', 1),
(163, 'users', 'Logout from scheva', '', '', '2023-11-21 08:17:02', '17', 1),
(164, 'users', 'Login to scheva', '', '', '2023-11-21 08:17:08', '6', 1),
(165, 'users', 'Access profile page', '', '', '2023-11-21 08:17:11', '6', 1),
(166, 'schools', 'Access menu school', '', '', '2023-11-21 08:17:54', '6', 1),
(167, 'evaluations', 'Access menu Evaluation', '', '', '2023-11-21 08:18:12', '6', 1),
(168, 'evaluations', 'Access menu Evaluation', '', '', '2023-11-21 08:18:41', '6', 1),
(169, 'users', 'Login to scheva', '', '', '2023-11-21 14:08:06', '17', 1),
(170, 'users', 'Logout from scheva', '', '', '2023-11-21 14:31:31', '17', 1),
(171, 'users', 'Login to scheva', '', '', '2023-11-21 14:31:38', '6', 1),
(172, 'evaluations', 'Access menu Evaluation', '', '', '2023-11-21 14:39:12', '6', 1),
(173, 'evaluations', 'Access menu Evaluation', '', '', '2023-11-21 14:40:08', '6', 1),
(174, 'users', 'Access profile page', '', '', '2023-11-21 14:43:01', '6', 1),
(175, 'users', 'Access profile page', '', '', '2023-11-21 14:44:04', '6', 1),
(176, 'schools', 'Access menu school', '', '', '2023-11-21 14:55:30', '6', 1),
(177, 'schools', 'Access menu school', '', '', '2023-11-21 14:56:49', '6', 1),
(178, 'schools', 'Access menu school', '', '', '2023-11-21 14:57:09', '6', 1),
(179, 'schools', 'View data school', '', '1', '2023-11-21 14:57:14', '6', 1),
(180, 'schools', 'Access form edit school', '', '1', '2023-11-21 14:57:16', '6', 1),
(181, 'schools', 'Access form edit school', '', 'images', '2023-11-21 14:57:16', '6', 1),
(182, 'users', 'Access profile page', '', '', '2023-11-21 14:57:30', '6', 1),
(183, 'evaluations', 'Access menu Evaluation', '', '', '2023-11-21 14:57:38', '6', 1),
(184, 'users', 'Logout from scheva', '', '', '2023-11-21 14:57:51', '6', 1),
(185, 'users', 'Login to scheva', '', '', '2023-11-21 14:58:01', '17', 1),
(186, 'users', 'Access menu users', '', '', '2023-11-21 14:58:06', '17', 1),
(187, 'schools', 'Access menu school', '', '', '2023-11-21 14:58:10', '17', 1),
(188, 'questions', 'Access menu question', '', '', '2023-11-21 14:58:20', '17', 1),
(189, 'criterias', 'Access menu criteria', '', '', '2023-11-21 14:58:24', '17', 1),
(190, 'evaluations', 'Access menu Evaluation', '', '', '2023-11-21 14:58:28', '17', 1),
(191, 'schools', 'Access menu school', '', '', '2023-11-21 14:58:39', '17', 1),
(192, 'users', 'Logout from scheva', '', '', '2023-11-21 14:59:09', '17', 1),
(193, 'users', 'Login to scheva', '', '', '2023-11-24 14:05:47', '17', 1),
(194, 'evaluations', 'Access menu Evaluation', '', '', '2023-11-24 14:27:41', '17', 1),
(195, 'evaluations', 'View Evaluation', '', '18', '2023-11-24 14:27:48', '17', 1),
(196, 'evaluations', 'View Evaluation', '', 'images', '2023-11-24 14:27:48', '17', 1),
(197, 'evaluations', 'Access menu Evaluation', '', '', '2023-11-24 14:28:41', '17', 1),
(198, 'evaluations', 'Access menu Evaluation', '', '', '2023-11-24 14:29:51', '17', 1),
(199, 'evaluations', 'View Evaluation', '', '32', '2023-11-24 14:29:54', '17', 1),
(200, 'evaluations', 'View Evaluation', '', 'images', '2023-11-24 14:29:55', '17', 1),
(201, 'evaluations', 'View Evaluation', '', '18', '2023-11-24 14:31:02', '17', 1),
(202, 'evaluations', 'View Evaluation', '', 'images', '2023-11-24 14:31:02', '17', 1),
(203, 'evaluations', 'Access menu Evaluation', '', '', '2023-11-24 14:31:06', '17', 1),
(204, 'users', 'Access menu users', '', '', '2023-11-24 14:31:18', '17', 1),
(205, 'users', 'Access form users', '', '', '2023-11-24 14:31:22', '17', 1),
(206, 'questions', 'Access menu question', '', '', '2023-11-24 14:31:31', '17', 1),
(207, 'questions', 'Access form question', '', '', '2023-11-24 14:31:35', '17', 1),
(208, 'questions', 'Access menu question', '', '', '2023-11-24 14:31:37', '17', 1),
(209, 'questions', 'View data question', '', '16', '2023-11-24 14:31:40', '17', 1),
(210, 'questions', 'View data question', '', '15', '2023-11-24 14:31:47', '17', 1),
(211, 'questions', 'View data question', '', '9', '2023-11-24 14:31:51', '17', 1),
(212, 'criterias', 'Access menu criteria', '', '', '2023-11-24 14:31:54', '17', 1),
(213, 'users', 'Access menu users', '', '', '2023-11-24 14:31:57', '17', 1),
(214, 'schools', 'Access menu school', '', '', '2023-11-24 14:31:59', '17', 1),
(215, 'evaluations', 'View Evaluation', '', '18', '2023-11-24 14:32:16', '17', 1),
(216, 'evaluations', 'View Evaluation', '', 'images', '2023-11-24 14:32:16', '17', 1),
(217, 'users', 'Access menu users', '', '', '2023-11-24 14:42:13', '17', 1),
(218, 'schools', 'Access menu school', '', '', '2023-11-24 14:42:15', '17', 1),
(219, 'criterias', 'Access menu criteria', '', '', '2023-11-24 14:42:18', '17', 1),
(220, 'questions', 'Access menu question', '', '', '2023-11-24 14:42:20', '17', 1),
(221, 'evaluations', 'Access menu Evaluation', '', '', '2023-11-24 14:42:22', '17', 1),
(222, 'evaluations', 'View Evaluation', '', '23', '2023-11-24 14:42:26', '17', 1),
(223, 'evaluations', 'View Evaluation', '', 'images', '2023-11-24 14:42:26', '17', 1),
(224, 'evaluations', 'Access menu Evaluation', '', '', '2023-11-24 14:42:35', '17', 1),
(225, 'evaluations', 'View Evaluation', '', '32', '2023-11-24 14:42:36', '17', 1),
(226, 'evaluations', 'View Evaluation', '', 'images', '2023-11-24 14:42:37', '17', 1),
(227, 'users', 'Logout from scheva', '', '', '2023-11-24 14:45:09', '17', 1),
(228, 'users', 'Login to scheva', '', '', '2023-11-24 14:45:17', '6', 1),
(229, 'evaluations', 'Access menu Evaluation', '', '', '2023-11-24 15:05:49', '6', 1),
(230, 'evaluations', 'Access menu Evaluation', '', '', '2023-11-24 15:13:49', '6', 1),
(231, 'evaluations', 'Access form Evaluation', '', '', '2023-11-24 15:15:39', '6', 1),
(232, 'evaluations', 'Access form Evaluation', '', '', '2023-11-24 15:16:08', '6', 1),
(233, 'evaluations', 'Access form Evaluation', '', '', '2023-11-24 15:17:15', '6', 1),
(234, 'evaluations', 'Access form Evaluation', '', '', '2023-11-24 15:17:52', '6', 1),
(235, 'evaluations', 'Access form Evaluation', '', '', '2023-11-24 15:18:32', '6', 1),
(236, 'evaluations', 'Access form Evaluation', '', '', '2023-11-24 15:19:07', '6', 1),
(237, 'evaluations', 'Access form Evaluation', '', '', '2023-11-24 15:25:06', '6', 1),
(238, 'evaluations', 'Submit Evaluation', '', '33', '2023-11-24 15:25:35', '6', 1),
(239, 'evaluations', 'Access menu Evaluation', '', '', '2023-11-24 15:25:35', '6', 1),
(240, 'evaluations', 'View Evaluation', '', '32', '2023-11-24 15:25:56', '6', 1),
(241, 'evaluations', 'View Evaluation', '', '32', '2023-11-24 15:27:15', '6', 1),
(242, 'users', 'Login to scheva', '', '', '2023-11-24 15:27:46', '6', 1),
(243, 'evaluations', 'Access menu Evaluation', '', '', '2023-11-24 15:27:50', '6', 1),
(244, 'evaluations', 'View Evaluation', '', '33', '2023-11-24 15:27:51', '6', 1),
(245, 'evaluations', 'View Evaluation', '', 'images', '2023-11-24 15:27:51', '6', 1),
(246, 'evaluations', 'View Evaluation', '', 'abs', '2023-11-24 15:28:04', '6', 1),
(247, 'evaluations', 'View Evaluation', '', '33', '2023-11-24 15:28:43', '6', 1),
(248, 'evaluations', 'View Evaluation', '', 'images', '2023-11-24 15:28:43', '6', 1),
(249, 'evaluations', 'Access menu Evaluation', '', '', '2023-11-24 15:28:51', '6', 1),
(250, 'schools', 'Access menu school', '', '', '2023-11-24 15:29:00', '6', 1),
(251, 'schools', 'View data school', '', '1', '2023-11-24 15:29:02', '6', 1),
(252, 'users', 'Logout from scheva', '', '', '2023-11-24 15:29:07', '6', 1),
(253, 'users', 'Login to scheva', '', '', '2023-11-24 15:29:15', '17', 1),
(254, 'users', 'Access menu users', '', '', '2023-11-24 15:29:18', '17', 1),
(255, 'users', 'Access form edit user', '', '14', '2023-11-24 15:29:27', '17', 1),
(256, 'users', 'Access form edit user', '', 'images', '2023-11-24 15:29:27', '17', 1),
(257, 'users', 'Update data user pengawas', '', '14', '2023-11-24 15:29:38', '17', 1),
(258, 'users', 'Access menu users', '', '', '2023-11-24 15:29:38', '17', 1),
(259, 'users', 'Logout from scheva', '', '', '2023-11-24 15:29:43', '17', 1),
(260, 'users', 'Login to scheva', '', '', '2023-11-24 15:29:51', '14', 1),
(261, 'evaluations', 'Access menu Evaluation', '', '', '2023-11-24 15:29:56', '14', 1),
(262, 'evaluations', 'Access menu Evaluation', '', '', '2023-11-24 15:32:25', '14', 1),
(263, 'evaluations', 'Access menu Evaluation', '', '', '2023-11-24 15:32:59', '14', 1),
(264, 'evaluations', 'Access menu Evaluation', '', '', '2023-11-24 15:33:16', '14', 1),
(265, 'evaluations', 'Access menu Evaluation', '', '', '2023-11-24 15:34:07', '14', 1),
(266, 'schools', 'Access menu school', '', '', '2023-11-24 15:34:16', '14', 1),
(267, 'evaluations', 'Access menu Evaluation', '', '', '2023-11-24 15:34:22', '14', 1),
(268, 'schools', 'Access menu school', '', '', '2023-11-24 15:34:55', '14', 1),
(269, 'evaluations', 'Access menu Evaluation', '', '', '2023-11-24 15:35:24', '14', 1),
(270, 'evaluations', 'Access menu Evaluation', '', '', '2023-11-24 15:35:51', '14', 1),
(271, 'evaluations', 'Access menu Evaluation', '', '', '2023-11-24 15:36:10', '14', 1),
(272, 'evaluations', 'Access menu Evaluation', '', '', '2023-11-24 15:36:33', '14', 1),
(273, 'schools', 'Access menu school', '', '', '2023-11-24 15:37:06', '14', 1),
(274, 'evaluations', 'Access menu Evaluation', '', '', '2023-11-24 15:37:24', '14', 1),
(275, 'evaluations', 'Access form Evaluation', '', '', '2023-11-24 15:37:28', '14', 1),
(276, 'evaluations', 'Submit Evaluation', '', '34', '2023-11-24 15:38:01', '14', 1),
(277, 'evaluations', 'Access menu Evaluation', '', '', '2023-11-24 15:38:01', '14', 1),
(278, 'evaluations', 'View Evaluation', '', '34', '2023-11-24 15:38:05', '14', 1),
(279, 'evaluations', 'View Evaluation', '', 'images', '2023-11-24 15:38:05', '14', 1),
(280, 'evaluations', 'Access menu Evaluation', '', '', '2023-11-24 15:38:30', '14', 1),
(281, 'evaluations', 'Access menu Evaluation', '', '', '2023-11-24 15:39:58', '14', 1),
(282, 'users', 'Logout from scheva', '', '', '2023-11-24 15:40:04', '14', 1),
(283, 'users', 'Login to scheva', '', '', '2023-11-24 15:40:11', '17', 1),
(284, 'users', 'Access menu users', '', '', '2023-11-24 15:40:28', '17', 1),
(285, 'schools', 'Access menu school', '', '', '2023-11-24 15:40:30', '17', 1),
(286, 'schools', 'Access form edit school', '', '2', '2023-11-24 15:40:35', '17', 1),
(287, 'schools', 'Access form edit school', '', 'images', '2023-11-24 15:40:35', '17', 1),
(288, 'questions', 'Access menu question', '', '', '2023-11-24 15:40:39', '17', 1),
(289, 'criterias', 'Access menu criteria', '', '', '2023-11-24 15:40:42', '17', 1),
(290, 'evaluations', 'Access menu Evaluation', '', '', '2023-11-24 15:40:44', '17', 1),
(291, 'evaluations', 'Access menu Evaluation', '', '', '2023-11-24 15:41:56', '17', 1),
(292, 'evaluations', 'View Evaluation', '', '33', '2023-11-24 15:42:04', '17', 1),
(293, 'evaluations', 'View Evaluation', '', 'images', '2023-11-24 15:42:04', '17', 1),
(294, 'evaluations', 'Access menu Evaluation', '', '', '2023-11-24 15:42:07', '17', 1),
(295, 'evaluations', 'View Evaluation', '', '34', '2023-11-24 15:42:24', '17', 1),
(296, 'evaluations', 'View Evaluation', '', 'images', '2023-11-24 15:42:25', '17', 1),
(297, 'evaluations', 'Access menu Evaluation', '', '', '2023-11-24 15:42:27', '17', 1),
(298, 'evaluations', 'View Evaluation', '', '33', '2023-11-24 15:42:29', '17', 1),
(299, 'evaluations', 'View Evaluation', '', 'images', '2023-11-24 15:42:30', '17', 1),
(300, 'users', 'Logout from scheva', '', '', '2023-11-24 15:43:53', '17', 1),
(301, 'users', 'Login to scheva', '', '', '2023-11-24 15:44:01', '6', 1),
(302, 'evaluations', 'Access menu Evaluation', '', '', '2023-11-24 15:49:26', '6', 1),
(303, 'evaluations', 'Access form Evaluation', '', '', '2023-11-24 15:49:27', '6', 1),
(304, 'evaluations', 'Submit Evaluation', '', '35', '2023-11-24 15:49:47', '6', 1),
(305, 'evaluations', 'Access menu Evaluation', '', '', '2023-11-24 15:49:47', '6', 1),
(306, 'evaluations', 'Access menu Evaluation', '', '', '2023-11-24 15:50:10', '6', 1),
(307, 'evaluations', 'Access form Evaluation', '', '', '2023-11-24 15:50:19', '6', 1),
(308, 'evaluations', 'Submit Evaluation', '', '36', '2023-11-24 15:50:36', '6', 1),
(309, 'evaluations', 'Access menu Evaluation', '', '', '2023-11-24 15:50:37', '6', 1),
(310, 'evaluations', 'Access menu Evaluation', '', '', '2023-11-24 15:57:14', '6', 1),
(311, 'evaluations', 'Access menu Evaluation', '', '', '2023-11-24 15:57:25', '6', 1),
(312, 'evaluations', 'Access menu Evaluation', '', '', '2023-11-24 16:01:37', '6', 1),
(313, 'evaluations', 'View Evaluation', '', '36', '2023-11-24 16:01:40', '6', 1),
(314, 'evaluations', 'View Evaluation', '', 'images', '2023-11-24 16:01:41', '6', 1),
(315, 'schools', 'Access menu school', '', '', '2023-11-24 16:01:55', '6', 1),
(316, 'schools', 'Access form edit school', '', '1', '2023-11-24 16:01:57', '6', 1),
(317, 'schools', 'Access form edit school', '', 'images', '2023-11-24 16:01:57', '6', 1),
(318, 'users', 'Access profile page', '', '', '2023-11-24 16:02:05', '6', 1),
(319, 'users', 'Access form edit user', '', '6', '2023-11-24 16:02:13', '6', 1),
(320, 'users', 'Access form edit user', '', 'images', '2023-11-24 16:02:14', '6', 1),
(321, 'users', 'Access form edit user', '', '6', '2023-11-24 16:04:00', '6', 1),
(322, 'users', 'Access form edit user', '', 'images', '2023-11-24 16:04:00', '6', 1),
(323, 'users', 'Access form edit user', '', '6', '2023-11-24 16:04:16', '6', 1),
(324, 'users', 'Access form edit user', '', '6', '2023-11-24 16:05:56', '6', 1),
(325, 'users', 'Access form edit user', '', '6', '2023-11-24 16:06:18', '6', 1),
(326, 'users', 'Access form edit user', '', '6', '2023-11-24 16:06:27', '6', 1),
(327, 'users', 'Access profile page', '', '', '2023-11-24 16:06:38', '6', 1),
(328, 'users', 'Access form edit user', '', '6', '2023-11-24 16:06:40', '6', 1),
(329, 'users', 'Access form edit user', '', 'images', '2023-11-24 16:06:40', '6', 1),
(330, 'users', 'Access form edit user', '', '6', '2023-11-24 16:06:58', '6', 1),
(331, 'users', 'Access form edit user', '', '6', '2023-11-24 16:07:15', '6', 1),
(332, 'users', 'Update data user kepala sekolah', '', '6', '2023-11-24 16:08:19', '6', 1),
(333, 'users', 'Access menu users', '', '', '2023-11-24 16:08:19', '6', 1),
(334, 'users', 'Access profile page', '', '', '2023-11-24 16:09:41', '6', 1),
(335, 'users', 'Access profile page', '', '', '2023-11-24 16:10:24', '6', 1),
(336, 'users', 'Access form edit user', '', '6', '2023-11-24 16:10:54', '6', 1),
(337, 'users', 'Access form edit user', '', 'images', '2023-11-24 16:10:55', '6', 1),
(338, 'users', 'Access form edit user', '', '6', '2023-11-24 16:14:07', '6', 1),
(339, 'users', 'Access form edit user', '', 'images', '2023-11-24 16:14:07', '6', 1),
(340, 'users', 'Update data user pengawas', '', '6', '2023-11-24 16:14:18', '6', 1),
(341, 'users', 'Access profile page', '', '', '2023-11-24 16:14:18', '6', 1),
(342, 'users', 'Access form edit user', '', '6', '2023-11-24 16:14:21', '6', 1),
(343, 'users', 'Access form edit user', '', 'images', '2023-11-24 16:14:22', '6', 1),
(344, 'users', 'Update data user pengawas', '', '6', '2023-11-24 16:14:32', '6', 1),
(345, 'users', 'Access profile page', '', '', '2023-11-24 16:14:32', '6', 1),
(346, 'users', 'Access form edit user', '', '6', '2023-11-24 16:15:19', '6', 1),
(347, 'users', 'Access form edit user', '', 'images', '2023-11-24 16:15:20', '6', 1),
(348, 'users', 'Access form edit user', '', '6', '2023-11-24 16:22:10', '6', 1),
(349, 'users', 'Access form edit user', '', 'images', '2023-11-24 16:22:11', '6', 1),
(350, 'users', 'Access form edit user', '', '6', '2023-11-24 16:22:47', '6', 1),
(351, 'users', 'Access form edit user', '', 'images', '2023-11-24 16:22:47', '6', 1),
(352, 'users', 'Access form edit user', '', '6', '2023-11-24 16:23:10', '6', 1),
(353, 'users', 'Access form edit user', '', 'images', '2023-11-24 16:23:10', '6', 1),
(354, 'schools', 'Access menu school', '', '', '2023-11-24 16:23:43', '6', 1),
(355, 'schools', 'View data school', '', '1', '2023-11-24 16:23:45', '6', 1),
(356, 'schools', 'Access form edit school', '', '1', '2023-11-24 16:23:48', '6', 1),
(357, 'schools', 'Access form edit school', '', 'images', '2023-11-24 16:23:48', '6', 1),
(358, 'schools', 'Access form edit school', '', '1', '2023-11-24 16:25:44', '6', 1),
(359, 'schools', 'Access form edit school', '', 'images', '2023-11-24 16:25:44', '6', 1),
(360, 'schools', 'Access form edit school', '', '1', '2023-11-24 16:26:04', '6', 1),
(361, 'schools', 'Access form edit school', '', 'images', '2023-11-24 16:26:04', '6', 1),
(362, 'schools', 'Access form edit school', '', '1', '2023-11-24 16:26:48', '6', 1),
(363, 'schools', 'Access form edit school', '', 'images', '2023-11-24 16:26:48', '6', 1),
(364, 'users', 'Logout from scheva', '', '', '2023-11-24 16:27:05', '6', 1),
(365, 'users', 'Login to scheva', '', '', '2023-11-24 16:27:13', '17', 1),
(366, 'schools', 'Access menu school', '', '', '2023-11-24 16:27:17', '17', 1),
(367, 'schools', 'Access form school', '', '', '2023-11-24 16:27:21', '17', 1),
(368, 'schools', 'Access form school', '', '', '2023-11-24 16:27:28', '17', 1),
(369, 'schools', 'Access form school', '', '', '2023-11-24 16:27:47', '17', 1),
(370, 'schools', 'Access form school', '', '', '2023-11-24 16:28:16', '17', 1),
(371, 'schools', 'Access form school', '', '', '2023-11-24 16:28:34', '17', 1),
(372, 'schools', 'Access form school', '', '', '2023-11-24 16:28:47', '17', 1),
(373, 'schools', 'Access menu school', '', '', '2023-11-24 16:29:17', '17', 1),
(374, 'schools', 'Access form school', '', '', '2023-11-24 16:29:19', '17', 1),
(375, 'schools', 'Access form school', '', '', '2023-11-24 16:30:00', '17', 1),
(376, 'schools', 'Access form school', '', '', '2023-11-24 16:30:17', '17', 1),
(377, 'schools', 'Access form school', '', '', '2023-11-24 16:30:32', '17', 1),
(378, 'schools', 'Access form school', '', '', '2023-11-24 16:30:53', '17', 1),
(379, 'schools', 'Access form school', '', '', '2023-11-24 16:31:51', '17', 1),
(380, 'schools', 'Access menu school', '', '', '2023-11-24 16:33:01', '17', 1),
(381, 'schools', 'Access form school', '', '', '2023-11-24 16:33:05', '17', 1),
(382, 'schools', 'Insert data school', '', '11', '2023-11-24 16:33:22', '17', 1),
(383, 'schools', 'Access menu school', '', '', '2023-11-24 16:33:22', '17', 1),
(384, 'schools', 'Access form edit school', '', '11', '2023-11-24 16:33:26', '17', 1),
(385, 'schools', 'Access form edit school', '', 'images', '2023-11-24 16:33:27', '17', 1),
(386, 'questions', 'Access menu question', '', '', '2023-11-24 16:33:44', '17', 1),
(387, 'questions', 'Access form question', '', '', '2023-11-24 16:33:45', '17', 1),
(388, 'questions', 'Access form question', '', '', '2023-11-24 16:34:40', '17', 1),
(389, 'questions', 'Access form question', '', '', '2023-11-24 16:35:00', '17', 1),
(390, 'questions', 'Insert data question', '', '18', '2023-11-24 16:36:11', '17', 1),
(391, 'questions', 'Access menu question', '', '', '2023-11-24 16:36:11', '17', 1),
(392, 'questions', 'Access Edit form question', '', '', '2023-11-24 16:36:23', '17', 1),
(393, 'questions', 'Access Edit form question', '', '', '2023-11-24 16:36:24', '17', 1),
(394, 'questions', 'Update data question', '', '18', '2023-11-24 16:36:57', '17', 1),
(395, 'questions', 'Access menu question', '', '', '2023-11-24 16:36:57', '17', 1),
(396, 'questions', 'View data question', '', '18', '2023-11-24 16:36:59', '17', 1),
(397, 'questions', 'Access Edit form question', '', '', '2023-11-24 16:37:02', '17', 1),
(398, 'questions', 'Access Edit form question', '', '', '2023-11-24 16:37:03', '17', 1),
(399, 'questions', 'Access Edit form question', '', '', '2023-11-24 16:38:03', '17', 1),
(400, 'questions', 'Access Edit form question', '', '', '2023-11-24 16:38:03', '17', 1),
(401, 'questions', 'Access Edit form question', '', '', '2023-11-24 16:38:47', '17', 1),
(402, 'questions', 'Access Edit form question', '', '', '2023-11-24 16:38:48', '17', 1),
(403, 'questions', 'Access Edit form question', '', '', '2023-11-24 16:39:25', '17', 1),
(404, 'questions', 'Access Edit form question', '', '', '2023-11-24 16:39:26', '17', 1),
(405, 'questions', 'Access Edit form question', '', '', '2023-11-24 16:39:55', '17', 1),
(406, 'questions', 'Access Edit form question', '', '', '2023-11-24 16:39:55', '17', 1),
(407, 'questions', 'Update data question', '', '18', '2023-11-24 16:40:01', '17', 1),
(408, 'questions', 'Access menu question', '', '', '2023-11-24 16:40:01', '17', 1),
(409, 'questions', 'Access Edit form question', '', '', '2023-11-24 16:40:04', '17', 1),
(410, 'questions', 'Access Edit form question', '', '', '2023-11-24 16:40:04', '17', 1),
(411, 'questions', 'Update data question', '', '18', '2023-11-24 16:40:11', '17', 1),
(412, 'questions', 'Access menu question', '', '', '2023-11-24 16:40:11', '17', 1),
(413, 'questions', 'Access menu question', '', '', '2023-11-24 16:40:41', '17', 1),
(414, 'questions', 'Access Edit form question', '', '', '2023-11-24 16:40:44', '17', 1),
(415, 'questions', 'Access Edit form question', '', '', '2023-11-24 16:40:45', '17', 1),
(416, 'questions', 'Access Edit form question', '', '', '2023-11-24 16:41:59', '17', 1),
(417, 'questions', 'Access Edit form question', '', '', '2023-11-24 16:42:00', '17', 1),
(418, 'questions', 'Access Edit form question', '', '', '2023-11-24 16:43:39', '17', 1),
(419, 'questions', 'Access Edit form question', '', '', '2023-11-24 16:43:40', '17', 1),
(420, 'questions', 'Update data question', '', '18', '2023-11-24 16:43:49', '17', 1),
(421, 'questions', 'Access menu question', '', '', '2023-11-24 16:43:49', '17', 1),
(422, 'questions', 'Access Edit form question', '', '', '2023-11-24 16:43:52', '17', 1),
(423, 'questions', 'Access Edit form question', '', '', '2023-11-24 16:43:52', '17', 1),
(424, 'questions', 'Access Edit form question', '', '', '2023-11-24 16:44:41', '17', 1),
(425, 'questions', 'Access Edit form question', '', '', '2023-11-24 16:44:41', '17', 1),
(426, 'questions', 'Update data question', '', '18', '2023-11-24 16:44:47', '17', 1),
(427, 'questions', 'Access menu question', '', '', '2023-11-24 16:44:47', '17', 1),
(428, 'questions', 'Access Edit form question', '', '', '2023-11-24 16:44:50', '17', 1),
(429, 'questions', 'Access Edit form question', '', '', '2023-11-24 16:44:50', '17', 1),
(430, 'users', 'Login to scheva', '', '', '2023-11-25 13:47:27', '6', 1),
(431, 'schools', 'Access menu school', '', '', '2023-11-25 13:48:15', '6', 1),
(432, 'schools', 'View data school', '', '1', '2023-11-25 13:48:27', '6', 1),
(433, 'evaluations', 'View Evaluation', '', '36', '2023-11-25 13:48:54', '6', 1),
(434, 'evaluations', 'View Evaluation', '', 'images', '2023-11-25 13:48:54', '6', 1),
(435, 'schools', 'Access menu school', '', '', '2023-11-25 13:49:33', '6', 1),
(436, 'evaluations', 'Access menu Evaluation', '', '', '2023-11-25 13:49:35', '6', 1),
(437, 'evaluations', 'Access form Evaluation', '', '', '2023-11-25 13:49:43', '6', 1),
(438, 'evaluations', 'Submit Evaluation', '', '37', '2023-11-25 13:50:12', '6', 1),
(439, 'evaluations', 'Access menu Evaluation', '', '', '2023-11-25 13:50:12', '6', 1),
(440, 'evaluations', 'View Evaluation', '', '37', '2023-11-25 13:50:22', '6', 1),
(441, 'evaluations', 'View Evaluation', '', 'images', '2023-11-25 13:50:22', '6', 1),
(442, 'users', 'Access profile page', '', '', '2023-11-25 13:50:36', '6', 1),
(443, 'users', 'Logout from scheva', '', '', '2023-11-25 13:50:51', '6', 1),
(444, 'users', 'Login to scheva', '', '', '2023-11-25 13:50:58', '17', 1),
(445, 'users', 'Access menu users', '', '', '2023-11-25 13:51:38', '17', 1),
(446, 'schools', 'Access menu school', '', '', '2023-11-25 13:51:52', '17', 1),
(447, 'users', 'Access menu users', '', '', '2023-11-25 13:51:59', '17', 1),
(448, 'users', 'Access form users', '', '', '2023-11-25 13:52:14', '17', 1),
(449, 'users', 'Access menu users', '', '', '2023-11-25 13:53:16', '17', 1),
(450, 'schools', 'Access menu school', '', '', '2023-11-25 13:53:18', '17', 1),
(451, 'schools', 'View data school', '', '1', '2023-11-25 13:53:32', '17', 1),
(452, 'evaluations', 'Access menu Evaluation', '', '', '2023-11-25 13:53:48', '17', 1),
(453, 'questions', 'Access menu question', '', '', '2023-11-25 13:54:28', '17', 1),
(454, 'schools', 'Access menu school', '', '', '2023-11-25 13:54:57', '17', 1),
(455, 'evaluations', 'Access menu Evaluation', '', '', '2023-11-25 13:55:07', '17', 1),
(456, 'questions', 'Access menu question', '', '', '2023-11-25 13:55:15', '17', 1),
(457, 'questions', 'Access form question', '', '', '2023-11-25 13:55:22', '17', 1),
(458, 'questions', 'Insert data question', '', '19', '2023-11-25 13:56:06', '17', 1),
(459, 'questions', 'Access menu question', '', '', '2023-11-25 13:56:06', '17', 1),
(460, 'questions', 'View data question', '', '19', '2023-11-25 13:56:09', '17', 1),
(461, 'evaluations', 'Access menu Evaluation', '', '', '2023-11-25 13:56:58', '17', 1),
(462, 'criterias', 'Access menu criteria', '', '', '2023-11-25 13:57:03', '17', 1),
(463, 'evaluations', 'Access menu Evaluation', '', '', '2023-11-25 13:57:29', '17', 1),
(464, 'users', 'Access profile page', '', '', '2023-11-25 13:57:35', '17', 1),
(465, 'users', 'Access menu users', '', '', '2023-11-25 13:58:23', '17', 1),
(466, 'users', 'Access form users', '', '', '2023-11-25 13:58:29', '17', 1),
(467, 'users', 'Access menu users', '', '', '2023-11-25 13:58:31', '17', 1),
(468, 'users', 'Access form users', '', '', '2023-11-25 13:58:59', '17', 1),
(469, 'users', 'Login to scheva', '', '', '2023-11-25 14:32:43', '6', 1),
(470, 'evaluations', 'Access menu Evaluation', '', '', '2023-11-25 14:36:26', '6', 1),
(471, 'evaluations', 'View Evaluation', '', '37', '2023-11-25 14:37:14', '6', 1),
(472, 'evaluations', 'View Evaluation', '', 'images', '2023-11-25 14:37:15', '6', 1),
(473, 'users', 'Logout from scheva', '', '', '2023-11-25 14:41:18', '6', 1),
(474, 'users', 'Login to scheva', '', '', '2023-11-25 14:41:28', '17', 1),
(475, 'questions', 'Access menu question', '', '', '2023-11-25 14:41:31', '17', 1),
(476, 'questions', 'Access form question', '', '', '2023-11-25 14:41:34', '17', 1),
(477, 'questions', 'Insert data question', '', '20', '2023-11-25 14:42:51', '17', 1),
(478, 'questions', 'Access menu question', '', '', '2023-11-25 14:42:51', '17', 1),
(479, 'criterias', 'Access menu criteria', '', '', '2023-11-25 14:42:58', '17', 1),
(480, 'criterias', 'Access form criteria', '', '', '2023-11-25 14:43:10', '17', 1),
(481, 'questions', 'Access menu question', '', '', '2023-11-25 14:43:38', '17', 1),
(482, 'criterias', 'Access menu criteria', '', '', '2023-11-25 14:43:49', '17', 1),
(483, 'questions', 'Access menu question', '', '', '2023-11-25 14:43:52', '17', 1),
(484, 'questions', 'Access form question', '', '', '2023-11-25 14:43:56', '17', 1),
(485, 'users', 'Login to scheva', '', '', '2023-11-26 04:04:02', '17', 1),
(486, 'users', 'Access menu users', '', '', '2023-11-26 04:04:05', '17', 1),
(487, 'users', 'Access form users', '', '', '2023-11-26 04:04:08', '17', 1),
(488, 'users', 'Access form users', '', '', '2023-11-26 04:04:28', '17', 1),
(489, 'users', 'Access form users', '', '', '2023-11-26 04:06:53', '17', 1),
(490, 'users', 'Access menu users', '', '', '2023-11-26 04:07:07', '17', 1),
(491, 'users', 'Access form edit user', '', '18', '2023-11-26 04:07:10', '17', 1),
(492, 'users', 'Access form edit user', '', 'images', '2023-11-26 04:07:10', '17', 1),
(493, 'users', 'Access menu users', '', '', '2023-11-26 04:07:22', '17', 1),
(494, 'users', 'Access form users', '', '', '2023-11-26 04:07:23', '17', 1),
(495, 'users', 'Insert data users level kepala sekolah', '', '20', '2023-11-26 04:07:54', '17', 1),
(496, 'users', 'Access menu users', '', '', '2023-11-26 04:07:54', '17', 1),
(497, 'users', 'Access menu users', '', '', '2023-11-26 04:08:41', '17', 1),
(498, 'schools', 'Access menu school', '', '', '2023-11-26 04:08:43', '17', 1),
(499, 'evaluations', 'Access menu Evaluation', '', '', '2023-11-26 04:09:10', '17', 1),
(500, 'schools', 'Access menu school', '', '', '2023-11-26 04:09:14', '17', 1),
(501, 'bookmarks', 'Delete Bookmark school', '', '19', '2023-11-26 04:09:19', '17', 1),
(502, 'bookmarks', 'Bookmark school', '', '20', '2023-11-26 04:09:22', '17', 1),
(503, 'bookmarks', 'Bookmark school', '', '21', '2023-11-26 04:09:30', '17', 1),
(504, 'bookmarks', 'Delete Bookmark school', '', '13', '2023-11-26 04:09:35', '17', 1),
(505, 'bookmarks', 'Delete Bookmark school', '', '11', '2023-11-26 04:09:36', '17', 1),
(506, 'schools', 'Access form school', '', '', '2023-11-26 04:11:11', '17', 1),
(507, 'users', 'Logout from scheva', '', '', '2023-11-26 04:11:19', '17', 1),
(508, 'users', 'Login to scheva', '', '', '2023-11-26 04:11:24', '20', 1),
(509, 'users', 'Access menu users', '', '', '2023-11-26 04:12:50', '20', 1),
(510, 'users', 'Access form users', '', '', '2023-11-26 04:13:00', '20', 1),
(511, 'users', 'Access form users', '', '', '2023-11-26 04:18:11', '20', 1),
(512, 'users', 'Access form users', '', '', '2023-11-26 04:18:33', '20', 1),
(513, 'schools', 'Access menu school', '', '', '2023-11-26 04:23:18', '20', 1),
(514, 'users', 'Access menu users', '', '', '2023-11-26 04:23:23', '20', 1),
(515, 'schools', 'Access menu school', '', '', '2023-11-26 04:23:30', '20', 1),
(516, 'schools', 'Access menu school', '', '', '2023-11-26 04:23:43', '20', 1),
(517, 'users', 'Access menu users', '', '', '2023-11-26 04:23:50', '20', 1),
(518, 'users', 'Access form users', '', '', '2023-11-26 04:24:48', '20', 1),
(519, 'users', 'Insert data users level pengawas', '', '21', '2023-11-26 04:27:01', '20', 1),
(520, 'users', 'Access menu users', '', '', '2023-11-26 04:27:01', '20', 1),
(521, 'users', 'Access form edit user', '', '21', '2023-11-26 04:27:19', '20', 1),
(522, 'users', 'Access form edit user', '', 'images', '2023-11-26 04:27:19', '20', 1),
(523, 'users', 'Access form edit user', '', '21', '2023-11-26 04:28:08', '20', 1),
(524, 'users', 'Access form edit user', '', 'images', '2023-11-26 04:28:09', '20', 1),
(525, 'users', 'Update data user kepala sekolah', '', '21', '2023-11-26 04:29:34', '20', 1),
(526, 'users', 'Access menu users', '', '', '2023-11-26 04:29:34', '20', 1),
(527, 'users', 'Access menu users', '', '', '2023-11-26 04:30:07', '20', 1),
(528, 'users', 'Access form users', '', '', '2023-11-26 04:30:09', '20', 1),
(529, 'users', 'Access menu users', '', '', '2023-11-26 04:30:12', '20', 1),
(530, 'users', 'Access form edit user', '', '21', '2023-11-26 04:30:16', '20', 1),
(531, 'users', 'Access form edit user', '', 'images', '2023-11-26 04:30:16', '20', 1),
(532, 'users', 'Access form edit user', '', '21', '2023-11-26 04:31:04', '20', 1),
(533, 'users', 'Access form edit user', '', 'images', '2023-11-26 04:31:04', '20', 1),
(534, 'users', 'Access form edit user', '', '21', '2023-11-26 04:31:24', '20', 1),
(535, 'users', 'Access form edit user', '', 'images', '2023-11-26 04:31:25', '20', 1),
(536, 'users', 'Update data user pengawas', '', '21', '2023-11-26 04:31:53', '20', 1),
(537, 'users', 'Access profile page', '', '', '2023-11-26 04:31:53', '20', 1),
(538, 'users', 'Access menu users', '', '', '2023-11-26 04:32:32', '20', 1),
(539, 'users', 'Access form edit user', '', '21', '2023-11-26 04:32:36', '20', 1),
(540, 'users', 'Access form edit user', '', 'images', '2023-11-26 04:32:37', '20', 1),
(541, 'users', 'Update data user pengawas', '', '21', '2023-11-26 04:32:42', '20', 1),
(542, 'users', 'Access menu users', '', '', '2023-11-26 04:32:42', '20', 1),
(543, 'users', 'Access form edit user', '', '21', '2023-11-26 04:32:48', '20', 1),
(544, 'users', 'Access form edit user', '', 'images', '2023-11-26 04:32:49', '20', 1),
(545, 'users', 'Update data user pengawas', '', '21', '2023-11-26 04:33:03', '20', 1),
(546, 'users', 'Access menu users', '', '', '2023-11-26 04:33:03', '20', 1),
(547, 'schools', 'Access menu school', '', '', '2023-11-26 04:33:34', '20', 1),
(548, 'schools', 'Access menu school', '', '', '2023-11-26 04:34:14', '20', 1),
(549, 'schools', 'Access menu school', '', '', '2023-11-26 04:37:10', '20', 1),
(550, 'schools', 'Access menu school', '', '', '2023-11-26 04:37:53', '20', 1),
(551, 'schools', 'View data school', '', '1', '2023-11-26 04:37:59', '20', 1),
(552, 'evaluations', 'View Evaluation', '', '37', '2023-11-26 04:38:03', '20', 1),
(553, 'evaluations', 'View Evaluation', '', 'images', '2023-11-26 04:38:03', '20', 1),
(554, 'schools', 'Access menu school', '', '', '2023-11-26 04:38:07', '20', 1),
(555, 'users', 'Access menu users', '', '', '2023-11-26 04:38:10', '20', 1),
(556, 'questions', 'Access menu question', '', '', '2023-11-26 04:38:13', '20', 1),
(557, 'criterias', 'Access menu criteria', '', '', '2023-11-26 04:38:14', '20', 1),
(558, 'users', 'Logout from scheva', '', '', '2023-11-26 04:38:19', '20', 1),
(559, 'users', 'Login to scheva', '', '', '2023-11-26 04:38:26', '17', 1),
(560, 'schools', 'Access menu school', '', '', '2023-11-26 04:38:29', '17', 1),
(561, 'schools', 'View data school', '', '3', '2023-11-26 04:38:33', '17', 1),
(562, 'schools', 'View data school', '', '2', '2023-11-26 04:38:40', '17', 1),
(563, 'schools', 'View data school', '', '9', '2023-11-26 04:38:46', '17', 1),
(564, 'evaluations', 'Access menu Evaluation', '', '', '2023-11-26 04:38:51', '17', 1),
(565, 'users', 'Login to scheva', '', '', '2023-11-26 13:25:08', '20', 1),
(566, 'questions', 'Access menu question', '', '', '2023-11-26 13:25:15', '20', 1),
(567, 'questions', 'Access form question', '', '', '2023-11-26 13:25:18', '20', 1),
(568, 'questions', 'Access form question', '', '', '2023-11-26 13:31:58', '20', 1),
(569, 'questions', 'Access form question', '', '', '2023-11-26 13:32:14', '20', 1),
(570, 'questions', 'Access form question', '', '', '2023-11-26 13:32:30', '20', 1),
(571, 'questions', 'Access form question', '', '', '2023-11-26 13:32:48', '20', 1),
(572, 'questions', 'Access form question', '', '', '2023-11-26 13:34:40', '20', 1),
(573, 'questions', 'Access form question', '', '', '2023-11-26 13:34:55', '20', 1),
(574, 'questions', 'Access form question', '', '', '2023-11-26 13:35:15', '20', 1),
(575, 'questions', 'Access form question', '', '', '2023-11-26 13:35:22', '20', 1),
(576, 'questions', 'Access form question', '', '', '2023-11-26 13:35:29', '20', 1),
(577, 'questions', 'Access form question', '', '', '2023-11-26 13:35:38', '20', 1),
(578, 'questions', 'Access form question', '', '', '2023-11-26 13:38:38', '20', 1),
(579, 'questions', 'Access form question', '', '', '2023-11-26 13:39:07', '20', 1),
(580, 'questions', 'Access form question', '', '', '2023-11-26 13:39:15', '20', 1),
(581, 'questions', 'Access form question', '', '', '2023-11-26 13:40:34', '20', 1),
(582, 'questions', 'Access form question', '', '', '2023-11-26 13:40:53', '20', 1),
(583, 'questions', 'Access form question', '', '', '2023-11-26 13:45:25', '20', 1),
(584, 'questions', 'Access form question', '', '', '2023-11-26 13:45:51', '20', 1),
(585, 'questions', 'Access form question', '', '', '2023-11-26 13:46:11', '20', 1),
(586, 'questions', 'Access form question', '', '', '2023-11-26 13:46:55', '20', 1),
(587, 'questions', 'Access form question', '', '', '2023-11-26 13:47:06', '20', 1),
(588, 'questions', 'Access form question', '', '', '2023-11-26 13:47:55', '20', 1),
(589, 'questions', 'Access form question', '', '', '2023-11-26 13:48:14', '20', 1),
(590, 'questions', 'Access form question', '', '', '2023-11-26 13:49:10', '20', 1),
(591, 'questions', 'Access form question', '', '', '2023-11-26 13:49:23', '20', 1),
(592, 'questions', 'Access form question', '', '', '2023-11-26 13:49:52', '20', 1),
(593, 'questions', 'Access form question', '', '', '2023-11-26 13:50:30', '20', 1),
(594, 'questions', 'Access form question', '', '', '2023-11-26 13:51:12', '20', 1),
(595, 'questions', 'Access form question', '', '', '2023-11-26 13:51:47', '20', 1),
(596, 'questions', 'Insert data question', '', '21', '2023-11-26 13:53:45', '20', 1),
(597, 'questions', 'Access menu question', '', '', '2023-11-26 13:53:45', '20', 1),
(598, 'questions', 'View data question', '', '21', '2023-11-26 13:53:48', '20', 1),
(599, 'questions', 'Delete data question', '', '21', '2023-11-26 13:54:43', '20', 1),
(600, 'questions', 'Access form question', '', '', '2023-11-26 13:54:45', '20', 1),
(601, 'questions', 'Insert data question', '', '22', '2023-11-26 13:55:46', '20', 1),
(602, 'questions', 'Access menu question', '', '', '2023-11-26 13:55:46', '20', 1),
(603, 'questions', 'View data question', '', '22', '2023-11-26 13:55:48', '20', 1),
(604, 'questions', 'Access menu question', '', '', '2023-11-26 13:57:07', '20', 1),
(605, 'questions', 'View data question', '', '22', '2023-11-26 13:57:09', '20', 1),
(606, 'questions', 'Access form question', '', '', '2023-11-26 13:57:25', '20', 1),
(607, 'questions', 'Access form question', '', '', '2023-11-26 14:01:06', '20', 1),
(608, 'questions', 'Access form question', '', '', '2023-11-26 14:01:18', '20', 1),
(609, 'questions', 'Access form question', '', '', '2023-11-26 14:02:33', '20', 1),
(610, 'questions', 'Access form question', '', '', '2023-11-26 14:04:22', '20', 1),
(611, 'questions', 'Access form question', '', '', '2023-11-26 14:04:32', '20', 1),
(612, 'questions', 'Access form question', '', '', '2023-11-26 14:10:21', '20', 1),
(613, 'questions', 'Access form question', '', '', '2023-11-26 14:10:32', '20', 1),
(614, 'questions', 'Access menu question', '', '', '2023-11-26 14:10:51', '20', 1),
(615, 'questions', 'Delete data question', '', '22', '2023-11-26 14:10:55', '20', 1),
(616, 'questions', 'Access form question', '', '', '2023-11-26 14:10:57', '20', 1),
(617, 'questions', 'Insert data question', '', '23', '2023-11-26 14:12:17', '20', 1),
(618, 'questions', 'Access menu question', '', '', '2023-11-26 14:12:17', '20', 1),
(619, 'questions', 'View data question', '', '23', '2023-11-26 14:12:20', '20', 1),
(620, 'questions', 'Access form question', '', '', '2023-11-26 14:12:59', '20', 1),
(621, 'questions', 'Insert data question', '', '24', '2023-11-26 14:14:05', '20', 1),
(622, 'questions', 'Access menu question', '', '', '2023-11-26 14:14:05', '20', 1);
INSERT INTO `log_activities` (`id`, `tables_name`, `description`, `before`, `after`, `create_date`, `create_by`, `active`) VALUES
(623, 'questions', 'View data question', '', '24', '2023-11-26 14:14:07', '20', 1),
(624, 'questions', 'Access form question', '', '', '2023-11-26 14:14:12', '20', 1),
(625, 'questions', 'Access menu question', '', '', '2023-11-26 14:14:35', '20', 1),
(626, 'questions', 'Access form question', '', '', '2023-11-26 14:14:37', '20', 1),
(627, 'questions', 'Insert data question', '', '25', '2023-11-26 14:19:30', '20', 1),
(628, 'questions', 'Access menu question', '', '', '2023-11-26 14:19:30', '20', 1),
(629, 'questions', 'View data question', '', '23', '2023-11-26 14:19:33', '20', 1),
(630, 'questions', 'View data question', '', '24', '2023-11-26 14:19:39', '20', 1),
(631, 'questions', 'View data question', '', '25', '2023-11-26 14:19:44', '20', 1),
(632, 'questions', 'Access form question', '', '', '2023-11-26 14:19:52', '20', 1),
(633, 'questions', 'Insert data question', '', '26', '2023-11-26 14:21:23', '20', 1),
(634, 'questions', 'Access menu question', '', '', '2023-11-26 14:21:23', '20', 1),
(635, 'evaluations', 'Access menu Evaluation', '', '', '2023-11-26 14:21:29', '20', 1),
(636, 'questions', 'Access menu question', '', '', '2023-11-26 14:21:33', '20', 1),
(637, 'questions', 'View data question', '', '26', '2023-11-26 14:21:40', '20', 1),
(638, 'questions', 'Access menu question', '', '', '2023-11-26 14:25:34', '20', 1),
(639, 'questions', 'Access Edit form question', '', '', '2023-11-26 14:25:37', '20', 1),
(640, 'questions', 'Access Edit form question', '', '', '2023-11-26 14:25:37', '20', 1),
(641, 'questions', 'Access Edit form question', '', '', '2023-11-26 14:25:49', '20', 1),
(642, 'questions', 'Access Edit form question', '', '', '2023-11-26 14:25:49', '20', 1),
(643, 'questions', 'Access Edit form question', '', '', '2023-11-26 14:26:07', '20', 1),
(644, 'questions', 'Access Edit form question', '', '', '2023-11-26 14:26:07', '20', 1),
(645, 'questions', 'Update data question', '', '23', '2023-11-26 14:27:00', '20', 1),
(646, 'questions', 'Access menu question', '', '', '2023-11-26 14:27:00', '20', 1),
(647, 'questions', 'View data question', '', '23', '2023-11-26 14:27:03', '20', 1),
(648, 'questions', 'Access Edit form question', '', '', '2023-11-26 14:27:07', '20', 1),
(649, 'questions', 'Access Edit form question', '', '', '2023-11-26 14:27:08', '20', 1),
(650, 'questions', 'Access Edit form question', '', '', '2023-11-26 14:28:20', '20', 1),
(651, 'questions', 'Access Edit form question', '', '', '2023-11-26 14:28:21', '20', 1),
(652, 'questions', 'Update data question', '', '23', '2023-11-26 14:28:27', '20', 1),
(653, 'questions', 'Access menu question', '', '', '2023-11-26 14:28:27', '20', 1),
(654, 'questions', 'View data question', '', '23', '2023-11-26 14:28:29', '20', 1),
(655, 'users', 'Logout from scheva', '', '', '2023-11-26 14:28:44', '20', 1),
(656, 'users', 'Login to scheva', '', '', '2023-11-26 14:29:00', '6', 1),
(657, 'schools', 'Access menu school', '', '', '2023-11-26 14:31:35', '6', 1),
(658, 'evaluations', 'Access menu Evaluation', '', '', '2023-11-26 14:31:39', '6', 1),
(659, 'evaluations', 'Access form Evaluation', '', '', '2023-11-26 14:31:41', '6', 1),
(660, 'evaluations', 'Submit Evaluation', '', '38', '2023-11-26 14:32:01', '6', 1),
(661, 'evaluations', 'Access menu Evaluation', '', '', '2023-11-26 14:32:01', '6', 1),
(662, 'evaluations', 'View Evaluation', '', '38', '2023-11-26 14:32:04', '6', 1),
(663, 'evaluations', 'View Evaluation', '', 'images', '2023-11-26 14:32:04', '6', 1),
(664, 'evaluations', 'Access menu Evaluation', '', '', '2023-11-26 14:32:17', '6', 1),
(665, 'evaluations', 'View Evaluation', '', '38', '2023-11-26 14:32:25', '6', 1),
(666, 'evaluations', 'View Evaluation', '', 'images', '2023-11-26 14:32:26', '6', 1),
(667, 'evaluations', 'Access menu Evaluation', '', '', '2023-11-26 14:40:56', '6', 1),
(668, 'evaluations', 'Access form Evaluation', '', '', '2023-11-26 14:40:58', '6', 1),
(669, 'evaluations', 'Submit Evaluation', '', '39', '2023-11-26 14:41:08', '6', 1),
(670, 'evaluations', 'Access menu Evaluation', '', '', '2023-11-26 14:41:08', '6', 1),
(671, 'evaluations', 'View Evaluation', '', '39', '2023-11-26 14:41:19', '6', 1),
(672, 'evaluations', 'View Evaluation', '', 'images', '2023-11-26 14:41:19', '6', 1),
(673, 'schools', 'Access menu school', '', '', '2023-11-26 14:43:21', '6', 1),
(674, 'evaluations', 'Access menu Evaluation', '', '', '2023-11-26 14:43:40', '6', 1),
(675, 'evaluations', 'View Evaluation', '', '39', '2023-11-26 14:43:58', '6', 1),
(676, 'evaluations', 'View Evaluation', '', 'images', '2023-11-26 14:43:58', '6', 1),
(677, 'users', 'Login to scheva', '', '', '2023-11-28 06:14:51', '6', 1),
(678, 'evaluations', 'Access menu Evaluation', '', '', '2023-11-28 06:14:58', '6', 1),
(679, 'evaluations', 'View Evaluation', '', '39', '2023-11-28 06:14:59', '6', 1),
(680, 'evaluations', 'View Evaluation', '', 'images', '2023-11-28 06:14:59', '6', 1),
(681, 'evaluations', 'Access menu Evaluation', '', '', '2023-11-28 06:35:03', '6', 1),
(682, 'evaluations', 'View Evaluation', '', '39', '2023-11-28 06:35:07', '6', 1),
(683, 'evaluations', 'View Evaluation', '', 'images', '2023-11-28 06:35:07', '6', 1),
(684, 'evaluations', 'View Evaluation', '', '39', '2023-11-28 06:46:20', '6', 1),
(685, 'evaluations', 'View Evaluation', '', 'images', '2023-11-28 06:46:21', '6', 1),
(686, 'evaluations', 'View Evaluation', '', '39', '2023-11-28 06:48:11', '6', 1),
(687, 'evaluations', 'View Evaluation', '', 'images', '2023-11-28 06:48:11', '6', 1),
(688, 'users', 'Logout from scheva', '', '', '2023-11-28 06:48:34', '6', 1),
(689, 'users', 'Login to scheva', '', '', '2023-11-28 06:48:43', '17', 1),
(690, 'evaluations', 'View Evaluation', '', '39', '2023-11-28 06:48:47', '17', 1),
(691, 'evaluations', 'View Evaluation', '', 'images', '2023-11-28 06:48:47', '17', 1),
(692, 'evaluations', 'View Evaluation', '', '39', '2023-11-28 06:49:10', '17', 1),
(693, 'evaluations', 'View Evaluation', '', 'images', '2023-11-28 06:49:10', '17', 1),
(694, 'evaluations', 'View Evaluation', '', '39', '2023-11-28 06:49:40', '17', 1),
(695, 'evaluations', 'View Evaluation', '', 'images', '2023-11-28 06:49:40', '17', 1),
(696, 'evaluations', 'View Evaluation', '', '39', '2023-11-28 06:50:05', '17', 1),
(697, 'evaluations', 'View Evaluation', '', 'images', '2023-11-28 06:50:05', '17', 1),
(698, 'evaluations', 'View Evaluation', '', '39', '2023-11-28 06:50:19', '17', 1),
(699, 'evaluations', 'View Evaluation', '', 'images', '2023-11-28 06:50:19', '17', 1),
(700, 'evaluations', 'View Evaluation', '', '39', '2023-11-28 06:51:36', '17', 1),
(701, 'evaluations', 'View Evaluation', '', 'images', '2023-11-28 06:51:36', '17', 1),
(702, 'evaluations', 'View Evaluation', '', '39', '2023-11-28 06:51:46', '17', 1),
(703, 'evaluations', 'View Evaluation', '', 'images', '2023-11-28 06:51:47', '17', 1),
(704, 'evaluations', 'View Evaluation', '', '39', '2023-11-28 06:52:05', '17', 1),
(705, 'evaluations', 'View Evaluation', '', 'images', '2023-11-28 06:52:05', '17', 1),
(706, 'evaluations', 'Access menu Evaluation', '', '', '2023-11-28 06:52:28', '17', 1),
(707, 'evaluations', 'Access menu Evaluation', '', '', '2023-11-28 06:52:34', '17', 1),
(708, 'evaluations', 'View Evaluation', '', '39', '2023-11-28 06:52:36', '17', 1),
(709, 'evaluations', 'View Evaluation', '', 'images', '2023-11-28 06:52:36', '17', 1),
(710, 'evaluations', 'Access menu Evaluation', '', '', '2023-11-28 06:52:52', '17', 1),
(711, 'evaluations', 'View Evaluation', '', '39', '2023-11-28 06:52:55', '17', 1),
(712, 'evaluations', 'View Evaluation', '', 'images', '2023-11-28 06:52:55', '17', 1),
(713, 'evaluations', 'View Evaluation', '', '39', '2023-11-28 07:00:05', '17', 1),
(714, 'evaluations', 'View Evaluation', '', 'images', '2023-11-28 07:00:05', '17', 1),
(715, 'evaluations', 'View Evaluation', '', '39', '2023-11-28 07:01:50', '17', 1),
(716, 'evaluations', 'View Evaluation', '', '39', '2023-11-28 07:02:30', '17', 1),
(717, 'evaluations', 'View Evaluation', '', 'images', '2023-11-28 07:02:30', '17', 1),
(718, 'evaluations', 'View Evaluation', '', '39', '2023-11-28 07:03:56', '17', 1),
(719, 'evaluations', 'View Evaluation', '', 'images', '2023-11-28 07:03:56', '17', 1),
(720, 'evaluations', 'View Evaluation', '', '39', '2023-11-28 07:04:51', '17', 1),
(721, 'evaluations', 'View Evaluation', '', 'images', '2023-11-28 07:04:51', '17', 1),
(722, 'evaluations', 'View Evaluation', '', '39', '2023-11-28 07:05:03', '17', 1),
(723, 'evaluations', 'View Evaluation', '', 'images', '2023-11-28 07:05:03', '17', 1),
(724, 'evaluations', 'View Evaluation', '', '39', '2023-11-28 07:05:17', '17', 1),
(725, 'evaluations', 'View Evaluation', '', 'images', '2023-11-28 07:05:17', '17', 1),
(726, 'evaluations', 'View Evaluation', '', '39', '2023-11-28 07:05:31', '17', 1),
(727, 'evaluations', 'View Evaluation', '', 'images', '2023-11-28 07:05:32', '17', 1),
(728, 'evaluations', 'View Evaluation', '', '39', '2023-11-28 07:06:16', '17', 1),
(729, 'evaluations', 'View Evaluation', '', 'images', '2023-11-28 07:06:17', '17', 1),
(730, 'evaluations', 'View Evaluation', '', '39', '2023-11-28 07:07:20', '17', 1),
(731, 'evaluations', 'View Evaluation', '', 'images', '2023-11-28 07:07:20', '17', 1),
(732, 'evaluations', 'View Evaluation', '', '39', '2023-11-28 07:07:59', '17', 1),
(733, 'evaluations', 'View Evaluation', '', 'images', '2023-11-28 07:07:59', '17', 1),
(734, 'evaluations', 'View Evaluation', '', '39', '2023-11-28 07:09:23', '17', 1),
(735, 'evaluations', 'View Evaluation', '', 'images', '2023-11-28 07:09:23', '17', 1),
(736, 'evaluations', 'View Evaluation', '', '39', '2023-11-28 07:10:43', '17', 1),
(737, 'evaluations', 'View Evaluation', '', 'images', '2023-11-28 07:10:43', '17', 1),
(738, 'evaluations', 'View Evaluation', '', '39', '2023-11-28 07:12:20', '17', 1),
(739, 'evaluations', 'View Evaluation', '', 'images', '2023-11-28 07:12:21', '17', 1),
(740, 'evaluations', 'View Evaluation', '', '39', '2023-11-28 07:12:34', '17', 1),
(741, 'evaluations', 'View Evaluation', '', 'images', '2023-11-28 07:12:34', '17', 1),
(742, 'evaluations', 'View Evaluation', '', '39', '2023-11-28 07:12:54', '17', 1),
(743, 'evaluations', 'View Evaluation', '', 'images', '2023-11-28 07:12:54', '17', 1),
(744, 'evaluations', 'View Evaluation', '', '39', '2023-11-28 07:13:16', '17', 1),
(745, 'evaluations', 'View Evaluation', '', 'images', '2023-11-28 07:13:16', '17', 1),
(746, 'evaluations', 'View Evaluation', '', '39', '2023-11-28 07:13:24', '17', 1),
(747, 'evaluations', 'View Evaluation', '', 'images', '2023-11-28 07:13:24', '17', 1),
(748, 'evaluations', 'View Evaluation', '', '39', '2023-11-28 07:14:09', '17', 1),
(749, 'evaluations', 'View Evaluation', '', 'images', '2023-11-28 07:14:09', '17', 1),
(750, 'evaluations', 'View Evaluation', '', '39', '2023-11-28 07:14:41', '17', 1),
(751, 'evaluations', 'View Evaluation', '', 'images', '2023-11-28 07:14:41', '17', 1),
(752, 'evaluations', 'View Evaluation', '', '39', '2023-11-28 07:15:00', '17', 1),
(753, 'evaluations', 'View Evaluation', '', 'images', '2023-11-28 07:15:01', '17', 1),
(754, 'evaluations', 'View Evaluation', '', '39', '2023-11-28 07:16:09', '17', 1),
(755, 'evaluations', 'View Evaluation', '', 'images', '2023-11-28 07:16:09', '17', 1),
(756, 'evaluations', 'View Evaluation', '', '39', '2023-11-28 07:16:31', '17', 1),
(757, 'evaluations', 'View Evaluation', '', 'images', '2023-11-28 07:16:31', '17', 1),
(758, 'evaluations', 'View Evaluation', '', '39', '2023-11-28 07:17:29', '17', 1),
(759, 'evaluations', 'View Evaluation', '', 'images', '2023-11-28 07:17:30', '17', 1),
(760, 'evaluations', 'View Evaluation', '', '39', '2023-11-28 07:17:46', '17', 1),
(761, 'evaluations', 'View Evaluation', '', 'images', '2023-11-28 07:17:47', '17', 1),
(762, 'evaluations', 'View Evaluation', '', '39', '2023-11-28 07:18:07', '17', 1),
(763, 'evaluations', 'View Evaluation', '', 'images', '2023-11-28 07:18:07', '17', 1),
(764, 'evaluations', 'View Evaluation', '', '39', '2023-11-28 07:18:24', '17', 1),
(765, 'evaluations', 'View Evaluation', '', 'images', '2023-11-28 07:18:24', '17', 1),
(766, 'evaluations', 'View Evaluation', '', '39', '2023-11-28 07:18:37', '17', 1),
(767, 'evaluations', 'View Evaluation', '', 'images', '2023-11-28 07:18:37', '17', 1),
(768, 'evaluations', 'View Evaluation', '', '39', '2023-11-28 07:18:44', '17', 1),
(769, 'evaluations', 'View Evaluation', '', 'images', '2023-11-28 07:18:44', '17', 1),
(770, 'evaluations', 'View Evaluation', '', '39', '2023-11-28 07:19:05', '17', 1),
(771, 'evaluations', 'View Evaluation', '', 'images', '2023-11-28 07:19:05', '17', 1),
(772, 'evaluations', 'View Evaluation', '', '39', '2023-11-28 07:19:14', '17', 1),
(773, 'evaluations', 'View Evaluation', '', 'images', '2023-11-28 07:19:14', '17', 1),
(774, 'evaluations', 'View Evaluation', '', '39', '2023-11-28 07:21:10', '17', 1),
(775, 'evaluations', 'View Evaluation', '', 'images', '2023-11-28 07:21:11', '17', 1),
(776, 'evaluations', 'View Evaluation', '', '39', '2023-11-28 07:21:24', '17', 1),
(777, 'evaluations', 'View Evaluation', '', 'images', '2023-11-28 07:21:24', '17', 1),
(778, 'evaluations', 'View Evaluation', '', '39', '2023-11-28 07:21:47', '17', 1),
(779, 'evaluations', 'View Evaluation', '', 'images', '2023-11-28 07:21:48', '17', 1),
(780, 'evaluations', 'View Evaluation', '', '39', '2023-11-28 07:22:46', '17', 1),
(781, 'evaluations', 'View Evaluation', '', 'images', '2023-11-28 07:22:47', '17', 1),
(782, 'schools', 'Access menu school', '', '', '2023-11-28 07:22:55', '17', 1),
(783, 'evaluations', 'Access menu Evaluation', '', '', '2023-11-28 07:22:57', '17', 1),
(784, 'schools', 'Access menu school', '', '', '2023-11-28 07:23:00', '17', 1),
(785, 'schools', 'View data school', '', '3', '2023-11-28 07:23:06', '17', 1),
(786, 'schools', 'View data school', '', '3', '2023-11-28 07:23:19', '17', 1),
(787, 'schools', 'View data school', '', '1', '2023-11-28 07:23:23', '17', 1),
(788, 'evaluations', 'View Evaluation', '', '39', '2023-11-28 07:23:25', '17', 1),
(789, 'evaluations', 'View Evaluation', '', 'images', '2023-11-28 07:23:25', '17', 1),
(790, 'users', 'Logout from scheva', '', '', '2023-11-28 07:23:38', '17', 1),
(791, 'users', 'Login to scheva', '', '', '2023-11-28 07:23:43', '20', 1),
(792, 'evaluations', 'View Evaluation', '', '39', '2023-11-28 07:24:29', '20', 1),
(793, 'evaluations', 'View Evaluation', '', 'images', '2023-11-28 07:24:29', '20', 1),
(794, 'users', 'Access menu users', '', '', '2023-11-28 07:24:36', '20', 1),
(795, 'users', 'Logout from scheva', '', '', '2023-11-28 07:24:52', '20', 1),
(796, 'users', 'Login to scheva', '', '', '2023-11-28 07:24:58', '21', 1),
(797, 'schools', 'Access menu school', '', '', '2023-11-28 07:25:40', '21', 1),
(798, 'evaluations', 'Access menu Evaluation', '', '', '2023-11-28 07:25:42', '21', 1),
(799, 'schools', 'Access menu school', '', '', '2023-11-28 07:25:45', '21', 1),
(800, 'schools', 'Access menu school', '', '', '2023-11-28 07:27:02', '21', 1),
(801, 'evaluations', 'Access menu Evaluation', '', '', '2023-11-28 07:27:04', '21', 1),
(802, 'evaluations', 'Access form Evaluation', '', '', '2023-11-28 07:27:06', '21', 1),
(803, 'evaluations', 'Submit Evaluation', '', '40', '2023-11-28 07:27:21', '21', 1),
(804, 'evaluations', 'Access menu Evaluation', '', '', '2023-11-28 07:27:21', '21', 1),
(805, 'evaluations', 'View Evaluation', '', '40', '2023-11-28 07:27:24', '21', 1),
(806, 'evaluations', 'View Evaluation', '', 'images', '2023-11-28 07:27:24', '21', 1),
(807, 'schools', 'Access menu school', '', '', '2023-11-28 07:28:00', '21', 1),
(808, 'schools', 'View data school', '', '2', '2023-11-28 07:28:02', '21', 1),
(809, 'evaluations', 'View Evaluation', '', '40', '2023-11-28 07:28:06', '21', 1),
(810, 'evaluations', 'View Evaluation', '', 'images', '2023-11-28 07:28:06', '21', 1),
(811, 'users', 'Logout from scheva', '', '', '2023-11-28 07:28:12', '21', 1),
(812, 'users', 'Login to scheva', '', '', '2023-11-28 07:46:03', '17', 1),
(813, 'evaluations', 'Access menu Evaluation', '', '', '2023-11-28 07:46:05', '17', 1),
(814, 'evaluations', 'View Evaluation', '', '40', '2023-11-28 07:46:08', '17', 1),
(815, 'evaluations', 'View Evaluation', '', 'images', '2023-11-28 07:46:08', '17', 1),
(816, 'evaluations', 'Access menu Evaluation', '', '', '2023-11-28 07:46:13', '17', 1),
(817, 'evaluations', 'View Evaluation', '', '39', '2023-11-28 07:46:14', '17', 1),
(818, 'evaluations', 'View Evaluation', '', 'images', '2023-11-28 07:46:15', '17', 1),
(819, 'schools', 'Access menu school', '', '', '2023-11-28 07:46:21', '17', 1),
(820, 'evaluations', 'Access menu Evaluation', '', '', '2023-11-28 07:46:57', '17', 1),
(821, 'schools', 'Access menu school', '', '', '2023-11-28 07:47:01', '17', 1),
(822, 'bookmarks', 'Bookmark school', '', '22', '2023-11-28 07:47:05', '17', 1),
(823, 'schools', 'View data school', '', '2', '2023-11-28 07:47:08', '17', 1),
(824, 'schools', 'View data school', '', '3', '2023-11-28 07:47:14', '17', 1),
(825, 'schools', 'View data school', '', '1', '2023-11-28 07:47:17', '17', 1),
(826, 'evaluations', 'View Evaluation', '', '39', '2023-11-28 07:47:19', '17', 1),
(827, 'evaluations', 'View Evaluation', '', 'images', '2023-11-28 07:47:19', '17', 1),
(828, 'evaluations', 'Access menu Evaluation', '', '', '2023-11-28 07:49:35', '17', 1),
(829, 'schools', 'Access menu school', '', '', '2023-11-28 07:50:57', '17', 1),
(830, 'schools', 'View data school', '', '2', '2023-11-28 07:51:02', '17', 1),
(831, 'evaluations', 'View Evaluation', '', '40', '2023-11-28 07:51:04', '17', 1),
(832, 'evaluations', 'View Evaluation', '', 'images', '2023-11-28 07:51:04', '17', 1),
(833, 'evaluations', 'Access menu Evaluation', '', '', '2023-11-28 07:53:21', '17', 1),
(834, 'evaluations', 'View Evaluation', '', '39', '2023-11-28 07:53:27', '17', 1),
(835, 'evaluations', 'View Evaluation', '', 'images', '2023-11-28 07:53:28', '17', 1),
(836, 'schools', 'Access menu school', '', '', '2023-11-28 07:53:47', '17', 1),
(837, 'evaluations', 'Access menu Evaluation', '', '', '2023-11-28 07:53:53', '17', 1),
(838, 'schools', 'Access menu school', '', '', '2023-11-28 07:53:56', '17', 1),
(839, 'evaluations', 'View Evaluation', '', '40', '2023-11-28 07:54:47', '17', 1),
(840, 'evaluations', 'View Evaluation', '', 'images', '2023-11-28 07:54:47', '17', 1),
(841, 'evaluations', 'View Evaluation', '', '39', '2023-11-28 07:54:52', '17', 1),
(842, 'evaluations', 'View Evaluation', '', 'images', '2023-11-28 07:54:52', '17', 1),
(843, 'evaluations', 'Access menu Evaluation', '', '', '2023-11-28 07:55:04', '17', 1),
(844, 'evaluations', 'View Evaluation', '', '40', '2023-11-28 07:55:06', '17', 1),
(845, 'evaluations', 'View Evaluation', '', 'images', '2023-11-28 07:55:07', '17', 1),
(846, 'evaluations', 'Access menu Evaluation', '', '', '2023-11-28 07:55:54', '17', 1),
(847, 'schools', 'Access menu school', '', '', '2023-11-28 07:55:57', '17', 1),
(848, 'users', 'Logout from scheva', '', '', '2023-11-28 07:56:01', '17', 1),
(849, 'users', 'Login to scheva', '', '', '2023-11-28 07:56:07', '20', 1),
(850, 'users', 'Access menu users', '', '', '2023-11-28 07:56:10', '20', 1),
(851, 'users', 'Access profile page', '', '', '2023-11-28 07:56:22', '20', 1),
(852, 'users', 'Access form edit user', '', '20', '2023-11-28 07:56:28', '20', 1),
(853, 'users', 'Access form edit user', '', 'images', '2023-11-28 07:56:28', '20', 1),
(854, 'questions', 'Access menu question', '', '', '2023-11-28 07:56:45', '20', 1),
(855, 'questions', 'View data question', '', '26', '2023-11-28 07:57:21', '20', 1),
(856, 'evaluations', 'Access menu Evaluation', '', '', '2023-11-28 08:01:45', '20', 1),
(857, 'evaluations', 'Access menu Evaluation', '', '', '2023-11-28 08:01:55', '20', 1),
(858, 'questions', 'Access menu question', '', '', '2023-11-28 08:01:58', '20', 1),
(859, 'criterias', 'Access menu criteria', '', '', '2023-11-28 08:01:59', '20', 1),
(860, 'users', 'Access menu users', '', '', '2023-11-28 08:02:03', '20', 1),
(861, 'schools', 'Access menu school', '', '', '2023-11-28 08:02:04', '20', 1),
(862, 'schools', 'Access menu school', '', '', '2023-11-28 08:02:52', '20', 1),
(863, 'evaluations', 'Access menu Evaluation', '', '', '2023-11-28 08:02:53', '20', 1),
(864, 'evaluations', 'View Evaluation', '', '40', '2023-11-28 08:02:56', '20', 1),
(865, 'evaluations', 'View Evaluation', '', 'images', '2023-11-28 08:02:56', '20', 1),
(866, 'evaluations', 'Access menu Evaluation', '', '', '2023-11-28 08:02:59', '20', 1),
(867, 'users', 'Access menu users', '', '', '2023-11-28 08:03:01', '20', 1),
(868, 'schools', 'Access menu school', '', '', '2023-11-28 08:24:35', '20', 1),
(869, 'schools', 'View data school', '', '1', '2023-11-28 08:24:37', '20', 1),
(870, 'evaluations', 'View Evaluation', '', '39', '2023-11-28 08:24:39', '20', 1),
(871, 'evaluations', 'View Evaluation', '', 'images', '2023-11-28 08:24:39', '20', 1),
(872, 'evaluations', 'Access menu Evaluation', '', '', '2023-11-28 08:25:09', '20', 1),
(873, 'evaluations', 'Access menu Evaluation', '', '', '2023-11-28 08:25:57', '20', 1),
(874, 'evaluations', 'Access menu Evaluation', '', '', '2023-11-28 08:26:42', '20', 1),
(875, 'evaluations', 'View Evaluation', '', '40', '2023-11-28 08:27:01', '20', 1),
(876, 'evaluations', 'View Evaluation', '', 'images', '2023-11-28 08:27:01', '20', 1),
(877, 'users', 'Access menu users', '', '', '2023-11-28 08:27:16', '20', 1),
(878, 'criterias', 'Access menu criteria', '', '', '2023-11-28 08:27:18', '20', 1),
(879, 'evaluations', 'Access menu Evaluation', '', '', '2023-11-28 08:27:24', '20', 1),
(880, 'evaluations', 'View Evaluation', '', '39', '2023-11-28 08:27:31', '20', 1),
(881, 'evaluations', 'View Evaluation', '', 'images', '2023-11-28 08:27:31', '20', 1),
(882, 'users', 'Logout from scheva', '', '', '2023-11-28 08:27:58', '20', 1),
(883, 'users', 'Login to scheva', '', '', '2023-11-28 08:28:10', '6', 1),
(884, 'users', 'Access profile page', '', '', '2023-11-28 08:28:38', '6', 1),
(885, 'users', 'Access form edit user', '', '6', '2023-11-28 08:28:43', '6', 1),
(886, 'users', 'Access form edit user', '', 'images', '2023-11-28 08:28:43', '6', 1),
(887, 'schools', 'Access menu school', '', '', '2023-11-28 08:28:51', '6', 1),
(888, 'users', 'Access profile page', '', '', '2023-11-28 08:28:54', '6', 1),
(889, 'users', 'Access form edit user', '', '6', '2023-11-28 08:28:55', '6', 1),
(890, 'users', 'Access form edit user', '', 'images', '2023-11-28 08:28:56', '6', 1),
(891, 'users', 'Update data user pengawas', '', '6', '2023-11-28 08:29:10', '6', 1),
(892, 'users', 'Access profile page', '', '', '2023-11-28 08:29:10', '6', 1),
(893, 'users', 'Access form edit user', '', '6', '2023-11-28 08:29:12', '6', 1),
(894, 'users', 'Access form edit user', '', 'images', '2023-11-28 08:29:12', '6', 1),
(895, 'schools', 'Access menu school', '', '', '2023-11-28 08:31:04', '6', 1),
(896, 'evaluations', 'Access menu Evaluation', '', '', '2023-11-28 08:31:06', '6', 1),
(897, 'evaluations', 'View Evaluation', '', '39', '2023-11-28 08:31:08', '6', 1),
(898, 'evaluations', 'View Evaluation', '', 'images', '2023-11-28 08:31:09', '6', 1),
(899, 'users', 'Login to scheva', '', '', '2023-11-29 01:48:05', '6', 1),
(900, 'schools', 'Access menu school', '', '', '2023-11-29 02:05:50', '6', 1),
(901, 'schools', 'View data school', '', '1', '2023-11-29 02:05:54', '6', 1),
(902, 'schools', 'Access form edit school', '', '1', '2023-11-29 02:05:56', '6', 1),
(903, 'schools', 'Access form edit school', '', 'images', '2023-11-29 02:05:57', '6', 1),
(904, 'schools', 'Access menu school', '', '', '2023-11-29 02:06:01', '6', 1),
(905, 'schools', 'View data school', '', '1', '2023-11-29 02:06:03', '6', 1),
(906, 'evaluations', 'Access menu Evaluation', '', '', '2023-11-29 02:06:05', '6', 1),
(907, 'evaluations', 'View Evaluation', '', '39', '2023-11-29 02:06:08', '6', 1),
(908, 'evaluations', 'View Evaluation', '', 'images', '2023-11-29 02:06:08', '6', 1),
(909, 'schools', 'Access menu school', '', '', '2023-11-29 02:06:53', '6', 1),
(910, 'evaluations', 'Access menu Evaluation', '', '', '2023-11-29 02:06:55', '6', 1),
(911, 'evaluations', 'View Evaluation', '', '39', '2023-11-29 02:06:57', '6', 1),
(912, 'evaluations', 'View Evaluation', '', 'images', '2023-11-29 02:06:57', '6', 1),
(913, 'users', 'Logout from scheva', '', '', '2023-11-29 02:07:04', '6', 1),
(914, 'users', 'Login to scheva', '', '', '2023-11-29 02:07:37', '20', 1),
(915, 'schools', 'Access menu school', '', '', '2023-11-29 02:07:41', '20', 1),
(916, 'users', 'Access menu users', '', '', '2023-11-29 02:07:50', '20', 1),
(917, 'users', 'Logout from scheva', '', '', '2023-11-29 02:08:06', '20', 1),
(918, 'users', 'Login to scheva', '', '', '2023-11-29 02:08:50', '20', 1),
(919, 'users', 'Access menu users', '', '', '2023-11-29 02:08:54', '20', 1),
(920, 'users', 'Access form edit user', '', '14', '2023-11-29 02:09:03', '20', 1),
(921, 'users', 'Access form edit user', '', 'images', '2023-11-29 02:09:03', '20', 1),
(922, 'users', 'Update data user pengawas', '', '14', '2023-11-29 02:09:27', '20', 1),
(923, 'users', 'Access menu users', '', '', '2023-11-29 02:09:27', '20', 1),
(924, 'users', 'Logout from scheva', '', '', '2023-11-29 02:09:37', '20', 1),
(925, 'users', 'Login to scheva', '', '', '2023-11-29 02:09:51', '14', 1),
(926, 'schools', 'Access menu school', '', '', '2023-11-29 02:18:07', '14', 1),
(927, 'schools', 'View data school', '', '3', '2023-11-29 02:18:11', '14', 1),
(928, 'evaluations', 'Access menu Evaluation', '', '', '2023-11-29 02:18:19', '14', 1),
(929, 'users', 'Access profile page', '', '', '2023-11-29 02:18:34', '14', 1),
(930, 'users', 'Logout from scheva', '', '', '2023-11-29 02:18:47', '14', 1),
(931, 'users', 'Login to scheva', '', '', '2023-11-29 02:19:11', '6', 1),
(932, 'evaluations', 'Access menu Evaluation', '', '', '2023-11-29 02:19:17', '6', 1),
(933, 'evaluations', 'Access form Evaluation', '', '', '2023-11-29 02:19:18', '6', 1),
(934, 'evaluations', 'Submit Evaluation', '', '41', '2023-11-29 02:19:31', '6', 1),
(935, 'evaluations', 'Access menu Evaluation', '', '', '2023-11-29 02:19:31', '6', 1),
(936, 'evaluations', 'Access menu Evaluation', '', '', '2023-11-29 02:19:41', '6', 1),
(937, 'evaluations', 'View Evaluation', '', '39', '2023-11-29 02:19:44', '6', 1),
(938, 'evaluations', 'View Evaluation', '', 'images', '2023-11-29 02:19:45', '6', 1),
(939, 'evaluations', 'Access menu Evaluation', '', '', '2023-11-29 02:19:49', '6', 1),
(940, 'evaluations', 'View Evaluation', '', '41', '2023-11-29 02:19:50', '6', 1),
(941, 'evaluations', 'View Evaluation', '', 'images', '2023-11-29 02:19:51', '6', 1),
(942, 'users', 'Logout from scheva', '', '', '2023-11-29 02:20:00', '6', 1),
(943, 'users', 'Login to scheva', '', '', '2023-11-29 02:20:09', '17', 1),
(944, 'evaluations', 'View Evaluation', '', '39', '2023-11-29 02:20:18', '17', 1),
(945, 'evaluations', 'View Evaluation', '', 'images', '2023-11-29 02:20:18', '17', 1),
(946, 'evaluations', 'View Evaluation', '', '39', '2023-11-29 02:20:34', '17', 1),
(947, 'evaluations', 'View Evaluation', '', 'images', '2023-11-29 02:20:35', '17', 1),
(948, 'evaluations', 'View Evaluation', '', '40', '2023-11-29 02:21:35', '17', 1),
(949, 'evaluations', 'View Evaluation', '', 'images', '2023-11-29 02:21:36', '17', 1),
(950, 'evaluations', 'View Evaluation', '', '39', '2023-11-29 02:21:40', '17', 1),
(951, 'evaluations', 'View Evaluation', '', 'images', '2023-11-29 02:21:41', '17', 1),
(952, 'evaluations', 'View Evaluation', '', '39', '2023-11-29 02:22:53', '17', 1),
(953, 'evaluations', 'View Evaluation', '', 'images', '2023-11-29 02:22:53', '17', 1),
(954, 'evaluations', 'View Evaluation', '', '41', '2023-11-29 02:32:20', '17', 1),
(955, 'evaluations', 'View Evaluation', '', 'images', '2023-11-29 02:32:20', '17', 1),
(956, 'evaluations', 'View Evaluation', '', '41', '2023-11-29 02:35:40', '17', 1),
(957, 'evaluations', 'View Evaluation', '', 'images', '2023-11-29 02:35:41', '17', 1),
(958, 'evaluations', 'View Evaluation', '', '41', '2023-11-29 02:35:58', '17', 1),
(959, 'evaluations', 'View Evaluation', '', 'images', '2023-11-29 02:35:59', '17', 1),
(960, 'evaluations', 'Access menu Evaluation', '', '', '2023-11-29 02:36:11', '17', 1),
(961, 'evaluations', 'View Evaluation', '', '40', '2023-11-29 02:36:15', '17', 1),
(962, 'evaluations', 'View Evaluation', '', 'images', '2023-11-29 02:36:15', '17', 1),
(963, 'evaluations', 'Access menu Evaluation', '', '', '2023-11-29 02:36:19', '17', 1),
(964, 'evaluations', 'View Evaluation', '', '39', '2023-11-29 02:36:22', '17', 1),
(965, 'evaluations', 'View Evaluation', '', 'images', '2023-11-29 02:36:22', '17', 1),
(966, 'evaluations', 'View Evaluation', '', '41', '2023-11-29 02:36:39', '17', 1),
(967, 'evaluations', 'View Evaluation', '', 'images', '2023-11-29 02:36:39', '17', 1),
(968, 'evaluations', 'Access menu Evaluation', '', '', '2023-11-29 02:38:24', '17', 1),
(969, 'schools', 'Access menu school', '', '', '2023-11-29 02:38:29', '17', 1),
(970, 'schools', 'View data school', '', '1', '2023-11-29 02:38:32', '17', 1),
(971, 'evaluations', 'Access menu Evaluation', '', '', '2023-11-29 02:41:33', '17', 1),
(972, 'evaluations', 'View Evaluation', '', '41', '2023-11-29 02:52:46', '17', 1),
(973, 'evaluations', 'View Evaluation', '', 'images', '2023-11-29 02:52:47', '17', 1),
(974, 'evaluations', 'View Evaluation', '', '41', '2023-11-29 02:53:09', '17', 1),
(975, 'evaluations', 'View Evaluation', '', 'images', '2023-11-29 02:53:09', '17', 1),
(976, 'schools', 'Access menu school', '', '', '2023-11-29 02:54:27', '17', 1),
(977, 'schools', 'View data school', '', '2', '2023-11-29 02:54:34', '17', 1),
(978, 'evaluations', 'View Evaluation', '', '40', '2023-11-29 02:54:49', '17', 1),
(979, 'evaluations', 'View Evaluation', '', 'images', '2023-11-29 02:54:50', '17', 1),
(980, 'schools', 'Access menu school', '', '', '2023-11-29 02:55:13', '17', 1),
(981, 'bookmarks', 'Delete Bookmark school', '', '20', '2023-11-29 02:55:19', '17', 1),
(982, 'bookmarks', 'Bookmark school', '', '23', '2023-11-29 02:55:21', '17', 1),
(983, 'schools', 'View data school', '', '3', '2023-11-29 02:55:31', '17', 1),
(984, 'schools', 'View data school', '', '2', '2023-11-29 02:55:40', '17', 1),
(985, 'schools', 'View data school', '', '1', '2023-11-29 02:55:42', '17', 1),
(986, 'users', 'Access profile page', '', '', '2023-11-29 02:55:46', '17', 1),
(987, 'evaluations', 'View Evaluation', '', '41', '2023-11-29 03:10:52', '17', 1),
(988, 'evaluations', 'View Evaluation', '', 'images', '2023-11-29 03:10:53', '17', 1),
(989, 'evaluations', 'Access menu Evaluation', '', '', '2023-11-29 03:11:13', '17', 1),
(990, 'evaluations', 'View Evaluation', '', '41', '2023-11-29 03:11:16', '17', 1),
(991, 'evaluations', 'View Evaluation', '', 'images', '2023-11-29 03:11:16', '17', 1),
(992, 'evaluations', 'Access menu Evaluation', '', '', '2023-11-29 03:11:19', '17', 1),
(993, 'evaluations', 'View Evaluation', '', '40', '2023-11-29 03:11:20', '17', 1),
(994, 'evaluations', 'View Evaluation', '', 'images', '2023-11-29 03:11:21', '17', 1),
(995, 'users', 'Logout from scheva', '', '', '2023-11-29 03:12:12', '17', 1),
(996, 'users', 'Login to scheva', '', '', '2023-11-29 03:12:19', '6', 1),
(997, 'schools', 'Access menu school', '', '', '2023-11-29 03:12:32', '6', 1),
(998, 'evaluations', 'Access menu Evaluation', '', '', '2023-11-29 03:12:35', '6', 1),
(999, 'evaluations', 'View Evaluation', '', '39', '2023-11-29 03:12:37', '6', 1),
(1000, 'evaluations', 'View Evaluation', '', 'images', '2023-11-29 03:12:38', '6', 1),
(1001, 'schools', 'Access menu school', '', '', '2023-11-29 03:12:48', '6', 1),
(1002, 'schools', 'View data school', '', '1', '2023-11-29 03:12:51', '6', 1),
(1003, 'users', 'Logout from scheva', '', '', '2023-11-29 03:12:59', '6', 1),
(1004, 'users', 'Login to scheva', '', '', '2023-11-29 03:13:09', '20', 1),
(1005, 'evaluations', 'View Evaluation', '', '41', '2023-11-29 03:13:46', '20', 1),
(1006, 'evaluations', 'View Evaluation', '', 'images', '2023-11-29 03:13:46', '20', 1),
(1007, 'users', 'Access menu users', '', '', '2023-11-29 03:13:58', '20', 1),
(1008, 'schools', 'Access menu school', '', '', '2023-11-29 03:14:01', '20', 1),
(1009, 'criterias', 'Access menu criteria', '', '', '2023-11-29 03:14:04', '20', 1),
(1010, 'questions', 'Access menu question', '', '', '2023-11-29 03:14:06', '20', 1),
(1011, 'evaluations', 'Access menu Evaluation', '', '', '2023-11-29 03:16:01', '20', 1),
(1012, 'evaluations', 'View Evaluation', '', '41', '2023-11-29 03:16:04', '20', 1),
(1013, 'evaluations', 'View Evaluation', '', 'images', '2023-11-29 03:16:04', '20', 1),
(1014, 'users', 'Access menu users', '', '', '2023-11-29 03:16:11', '20', 1),
(1015, 'schools', 'Access menu school', '', '', '2023-11-29 03:16:12', '20', 1),
(1016, 'evaluations', 'Access menu Evaluation', '', '', '2023-11-29 03:16:14', '20', 1),
(1017, 'evaluations', 'View Evaluation', '', '40', '2023-11-29 03:16:29', '20', 1),
(1018, 'evaluations', 'View Evaluation', '', 'images', '2023-11-29 03:16:29', '20', 1),
(1019, 'schools', 'Access menu school', '', '', '2023-11-29 03:16:46', '20', 1),
(1020, 'questions', 'Access menu question', '', '', '2023-11-29 03:17:23', '20', 1),
(1021, 'questions', 'Access menu question', '', '', '2023-11-29 03:17:43', '20', 1),
(1022, 'questions', 'Access form question', '', '', '2023-11-29 03:17:45', '20', 1),
(1023, 'questions', 'Insert data question', '', '27', '2023-11-29 03:18:26', '20', 1),
(1024, 'questions', 'Access menu question', '', '', '2023-11-29 03:18:26', '20', 1),
(1025, 'evaluations', 'Access menu Evaluation', '', '', '2023-11-29 03:18:32', '20', 1),
(1026, 'evaluations', 'View Evaluation', '', '41', '2023-11-29 03:18:33', '20', 1),
(1027, 'evaluations', 'View Evaluation', '', 'images', '2023-11-29 03:18:33', '20', 1),
(1028, 'users', 'Logout from scheva', '', '', '2023-11-29 03:18:38', '20', 1),
(1029, 'users', 'Login to scheva', '', '', '2023-11-29 03:18:45', '6', 1),
(1030, 'users', 'Logout from scheva', '', '', '2023-11-29 03:18:51', '6', 1),
(1031, 'users', 'Login to scheva', '', '', '2023-11-29 03:18:58', '17', 1),
(1032, 'schools', 'Access menu school', '', '', '2023-11-29 03:19:03', '17', 1),
(1033, 'users', 'Logout from scheva', '', '', '2023-11-29 03:19:12', '17', 1),
(1034, 'users', 'Login to scheva', '', '', '2023-11-29 03:19:19', '14', 1),
(1035, 'evaluations', 'Access menu Evaluation', '', '', '2023-11-29 03:19:33', '14', 1),
(1036, 'evaluations', 'Access form Evaluation', '', '', '2023-11-29 03:19:34', '14', 1),
(1037, 'evaluations', 'Submit Evaluation', '', '42', '2023-11-29 03:19:46', '14', 1),
(1038, 'evaluations', 'Access menu Evaluation', '', '', '2023-11-29 03:19:46', '14', 1),
(1039, 'evaluations', 'View Evaluation', '', '42', '2023-11-29 03:19:48', '14', 1),
(1040, 'evaluations', 'View Evaluation', '', 'images', '2023-11-29 03:19:48', '14', 1),
(1041, 'schools', 'Access menu school', '', '', '2023-11-29 03:19:53', '14', 1),
(1042, 'users', 'Logout from scheva', '', '', '2023-11-29 03:20:39', '14', 1),
(1043, 'users', 'Login to scheva', '', '', '2023-11-29 03:20:45', '20', 1),
(1044, 'questions', 'Access menu question', '', '', '2023-11-29 03:20:49', '20', 1),
(1045, 'questions', 'Access Edit form question', '', '', '2023-11-29 03:20:52', '20', 1),
(1046, 'questions', 'Access Edit form question', '', '', '2023-11-29 03:20:52', '20', 1),
(1047, 'questions', 'Update data question', '', '27', '2023-11-29 03:21:00', '20', 1),
(1048, 'questions', 'Access menu question', '', '', '2023-11-29 03:21:00', '20', 1),
(1049, 'evaluations', 'Access menu Evaluation', '', '', '2023-11-29 03:21:04', '20', 1),
(1050, 'evaluations', 'View Evaluation', '', '42', '2023-11-29 03:21:08', '20', 1),
(1051, 'evaluations', 'View Evaluation', '', 'images', '2023-11-29 03:21:08', '20', 1),
(1052, 'questions', 'Access menu question', '', '', '2023-11-29 03:22:09', '20', 1),
(1053, 'questions', 'Access Edit form question', '', '', '2023-11-29 03:22:11', '20', 1),
(1054, 'questions', 'Access Edit form question', '', '', '2023-11-29 03:22:11', '20', 1),
(1055, 'questions', 'Update data question', '', '27', '2023-11-29 03:22:17', '20', 1),
(1056, 'questions', 'Access menu question', '', '', '2023-11-29 03:22:17', '20', 1),
(1057, 'evaluations', 'View Evaluation', '', '42', '2023-11-29 03:23:19', '20', 1),
(1058, 'evaluations', 'View Evaluation', '', 'images', '2023-11-29 03:23:19', '20', 1),
(1059, 'criterias', 'Access menu criteria', '', '', '2023-11-29 03:23:29', '20', 1),
(1060, 'schools', 'Access menu school', '', '', '2023-11-29 03:23:33', '20', 1),
(1061, 'schools', 'View data school', '', '3', '2023-11-29 03:23:36', '20', 1),
(1062, 'evaluations', 'View Evaluation', '', '42', '2023-11-29 03:23:38', '20', 1),
(1063, 'evaluations', 'View Evaluation', '', 'images', '2023-11-29 03:23:38', '20', 1),
(1064, 'users', 'Logout from scheva', '', '', '2023-11-29 03:24:05', '20', 1),
(1065, 'users', 'Login to scheva', '', '', '2023-11-29 03:24:12', '14', 1),
(1066, 'schools', 'Access menu school', '', '', '2023-11-29 03:24:25', '14', 1),
(1067, 'schools', 'View data school', '', '3', '2023-11-29 03:24:31', '14', 1),
(1068, 'schools', 'Access form edit school', '', '3', '2023-11-29 03:24:35', '14', 1),
(1069, 'schools', 'Access form edit school', '', 'images', '2023-11-29 03:24:35', '14', 1),
(1070, 'schools', 'Access form edit school', '', '3', '2023-11-29 03:25:14', '14', 1),
(1071, 'schools', 'Update data school', '', '3', '2023-11-29 03:27:30', '14', 1),
(1072, 'schools', 'Access menu school', '', '', '2023-11-29 03:27:30', '14', 1),
(1073, 'schools', 'View data school', '', '3', '2023-11-29 03:27:33', '14', 1),
(1074, 'users', 'Access profile page', '', '', '2023-11-29 03:27:38', '14', 1),
(1075, 'evaluations', 'Access menu Evaluation', '', '', '2023-11-29 03:27:44', '14', 1),
(1076, 'evaluations', 'View Evaluation', '', '42', '2023-11-29 03:27:46', '14', 1),
(1077, 'evaluations', 'View Evaluation', '', 'images', '2023-11-29 03:27:46', '14', 1),
(1078, 'schools', 'Access menu school', '', '', '2023-11-29 03:27:53', '14', 1),
(1079, 'schools', 'View data school', '', '3', '2023-11-29 03:27:55', '14', 1),
(1080, 'schools', 'View data school', '', '3', '2023-11-29 03:28:17', '14', 1),
(1081, 'users', 'Logout from scheva', '', '', '2023-11-29 03:28:49', '14', 1),
(1082, 'users', 'Login to scheva', '', '', '2023-11-29 03:28:59', '6', 1),
(1083, 'schools', 'Access menu school', '', '', '2023-11-29 03:29:02', '6', 1),
(1084, 'schools', 'View data school', '', '1', '2023-11-29 03:29:04', '6', 1),
(1085, 'schools', 'Access form edit school', '', '1', '2023-11-29 03:29:07', '6', 1),
(1086, 'schools', 'Access form edit school', '', 'images', '2023-11-29 03:29:07', '6', 1),
(1087, 'schools', 'Update data school', '', '1', '2023-11-29 03:29:13', '6', 1),
(1088, 'schools', 'Access menu school', '', '', '2023-11-29 03:29:13', '6', 1),
(1089, 'schools', 'View data school', '', '1', '2023-11-29 03:29:15', '6', 1),
(1090, 'users', 'Access profile page', '', '', '2023-11-29 03:29:18', '6', 1),
(1091, 'evaluations', 'Access menu Evaluation', '', '', '2023-11-29 03:29:27', '6', 1),
(1092, 'evaluations', 'View Evaluation', '', '41', '2023-11-29 03:29:30', '6', 1),
(1093, 'evaluations', 'View Evaluation', '', 'images', '2023-11-29 03:29:30', '6', 1),
(1094, 'users', 'Logout from scheva', '', '', '2023-11-29 03:29:38', '6', 1),
(1095, 'users', 'Login to scheva', '', '', '2023-11-29 03:34:40', '20', 1),
(1096, 'users', 'Access menu users', '', '', '2023-11-29 03:34:50', '20', 1),
(1097, 'schools', 'Access menu school', '', '', '2023-11-29 03:34:54', '20', 1),
(1098, 'schools', 'View data school', '', '9', '2023-11-29 03:35:00', '20', 1),
(1099, 'schools', 'View data school', '', '3', '2023-11-29 03:35:03', '20', 1),
(1100, 'schools', 'View data school', '', '1', '2023-11-29 03:35:05', '20', 1),
(1101, 'schools', 'Access menu school', '', '', '2023-11-29 03:41:33', '20', 1),
(1102, 'users', 'Access menu users', '', '', '2023-11-29 03:41:36', '20', 1),
(1103, 'criterias', 'Access menu criteria', '', '', '2023-11-29 03:41:39', '20', 1),
(1104, 'questions', 'Access menu question', '', '', '2023-11-29 03:41:41', '20', 1),
(1105, 'evaluations', 'Access menu Evaluation', '', '', '2023-11-29 03:41:43', '20', 1),
(1106, 'evaluations', 'View Evaluation', '', '42', '2023-11-29 03:54:47', '20', 1),
(1107, 'evaluations', 'View Evaluation', '', 'images', '2023-11-29 03:54:47', '20', 1),
(1108, 'evaluations', 'View Evaluation', '', '41', '2023-11-29 03:54:59', '20', 1),
(1109, 'evaluations', 'View Evaluation', '', 'images', '2023-11-29 03:54:59', '20', 1),
(1110, 'evaluations', 'View Evaluation', '', '40', '2023-11-29 03:55:10', '20', 1),
(1111, 'evaluations', 'View Evaluation', '', 'images', '2023-11-29 03:55:10', '20', 1),
(1112, 'users', 'Access menu users', '', '', '2023-11-29 03:55:19', '20', 1),
(1113, 'schools', 'Access menu school', '', '', '2023-11-29 03:55:22', '20', 1),
(1114, 'schools', 'View data school', '', '3', '2023-11-29 03:55:24', '20', 1),
(1115, 'schools', 'View data school', '', '1', '2023-11-29 03:55:28', '20', 1),
(1116, 'schools', 'View data school', '', '9', '2023-11-29 03:55:31', '20', 1),
(1117, 'schools', 'View data school', '', '2', '2023-11-29 03:55:35', '20', 1),
(1118, 'users', 'Access menu users', '', '', '2023-11-29 03:56:00', '20', 1),
(1119, 'schools', 'Access menu school', '', '', '2023-11-29 03:56:02', '20', 1),
(1120, 'criterias', 'Access menu criteria', '', '', '2023-11-29 03:56:04', '20', 1),
(1121, 'evaluations', 'Access menu Evaluation', '', '', '2023-11-29 03:56:06', '20', 1),
(1122, 'evaluations', 'View Evaluation', '', '39', '2023-11-29 04:00:31', '20', 1),
(1123, 'evaluations', 'View Evaluation', '', 'images', '2023-11-29 04:00:31', '20', 1),
(1124, 'evaluations', 'Access menu Evaluation', '', '', '2023-11-29 04:00:36', '20', 1),
(1125, 'evaluations', 'View Evaluation', '', '42', '2023-11-29 04:00:40', '20', 1),
(1126, 'evaluations', 'View Evaluation', '', 'images', '2023-11-29 04:00:41', '20', 1),
(1127, 'users', 'Login to scheva', '', '', '2023-11-29 09:12:47', '20', 1),
(1128, 'users', 'Login to scheva', '', '', '2023-11-29 09:52:37', '20', 1),
(1129, 'evaluations', 'View Evaluation', '', '42', '2023-11-29 09:52:43', '20', 1),
(1130, 'evaluations', 'View Evaluation', '', 'images', '2023-11-29 09:52:44', '20', 1),
(1131, 'evaluations', 'Access menu Evaluation', '', '', '2023-11-29 09:53:00', '20', 1),
(1132, 'questions', 'Access menu question', '', '', '2023-11-29 09:53:08', '20', 1),
(1133, 'questions', 'View data question', '', '27', '2023-11-29 09:53:11', '20', 1),
(1134, 'questions', 'View data question', '', '26', '2023-11-29 09:53:14', '20', 1),
(1135, 'questions', 'View data question', '', '24', '2023-11-29 09:53:18', '20', 1),
(1136, 'evaluations', 'View Evaluation', '', '41', '2023-11-29 09:53:57', '20', 1),
(1137, 'evaluations', 'View Evaluation', '', 'images', '2023-11-29 09:53:57', '20', 1),
(1138, 'evaluations', 'Access menu Evaluation', '', '', '2023-11-29 09:54:03', '20', 1),
(1139, 'evaluations', 'View Evaluation', '', '40', '2023-11-29 09:54:08', '20', 1),
(1140, 'evaluations', 'View Evaluation', '', 'images', '2023-11-29 09:54:09', '20', 1),
(1141, 'evaluations', 'Access menu Evaluation', '', '', '2023-11-29 09:54:13', '20', 1),
(1142, 'users', 'Access menu users', '', '', '2023-11-29 09:54:15', '20', 1),
(1143, 'schools', 'Access menu school', '', '', '2023-11-29 09:54:17', '20', 1),
(1144, 'users', 'Access profile page', '', '', '2023-11-29 09:54:20', '20', 1),
(1145, 'users', 'Access form edit user', '', '20', '2023-11-29 09:54:22', '20', 1),
(1146, 'users', 'Access form edit user', '', 'images', '2023-11-29 09:54:22', '20', 1),
(1147, 'users', 'Logout from scheva', '', '', '2023-11-29 09:54:40', '20', 1),
(1148, 'users', 'Login to scheva', '', '', '2023-11-29 09:54:47', '17', 1),
(1149, 'schools', 'Access menu school', '', '', '2023-11-29 09:54:52', '17', 1),
(1150, 'bookmarks', 'Delete Bookmark school', '', '22', '2023-11-29 09:54:57', '17', 1),
(1151, 'bookmarks', 'Bookmark school', '', '24', '2023-11-29 09:55:01', '17', 1),
(1152, 'bookmarks', 'Delete Bookmark school', '', '24', '2023-11-29 09:55:08', '17', 1),
(1153, 'evaluations', 'Access menu Evaluation', '', '', '2023-11-29 09:55:15', '17', 1),
(1154, 'evaluations', 'View Evaluation', '', '39', '2023-11-29 09:55:18', '17', 1),
(1155, 'evaluations', 'View Evaluation', '', 'images', '2023-11-29 09:55:18', '17', 1),
(1156, 'schools', 'Access menu school', '', '', '2023-11-29 09:55:45', '17', 1),
(1157, 'schools', 'Access menu school', '', '', '2023-11-29 09:56:07', '17', 1),
(1158, 'schools', 'Access menu school', '', '', '2023-11-29 09:57:09', '17', 1),
(1159, 'users', 'Logout from scheva', '', '', '2023-11-29 09:57:39', '17', 1),
(1160, 'users', 'Login to scheva', '', '', '2023-11-29 09:57:46', '6', 1),
(1161, 'schools', 'Access menu school', '', '', '2023-11-29 09:57:55', '6', 1),
(1162, 'schools', 'View data school', '', '1', '2023-11-29 09:57:59', '6', 1),
(1163, 'evaluations', 'Access menu Evaluation', '', '', '2023-11-29 09:58:03', '6', 1),
(1164, 'evaluations', 'View Evaluation', '', '41', '2023-11-29 09:58:05', '6', 1),
(1165, 'evaluations', 'View Evaluation', '', 'images', '2023-11-29 09:58:05', '6', 1),
(1166, 'users', 'Logout from scheva', '', '', '2023-11-29 09:58:09', '6', 1),
(1167, 'users', 'Login to scheva', '', '', '2023-11-29 09:58:33', '14', 1),
(1168, 'evaluations', 'Access menu Evaluation', '', '', '2023-11-29 09:58:45', '14', 1),
(1169, 'evaluations', 'View Evaluation', '', '42', '2023-11-29 09:58:47', '14', 1),
(1170, 'evaluations', 'View Evaluation', '', 'images', '2023-11-29 09:58:47', '14', 1),
(1171, 'users', 'Login to scheva', '', '', '2023-11-29 11:47:42', '20', 1),
(1172, 'users', 'Access menu users', '', '', '2023-11-29 11:47:44', '20', 1),
(1173, 'users', 'Access form users', '', '', '2023-11-29 11:47:53', '20', 1),
(1174, 'questions', 'Access menu question', '', '', '2023-11-29 11:48:00', '20', 1),
(1175, 'criterias', 'Access menu criteria', '', '', '2023-11-29 11:48:06', '20', 1),
(1176, 'questions', 'Access menu question', '', '', '2023-11-29 11:48:08', '20', 1),
(1177, 'evaluations', 'View Evaluation', '', '42', '2023-11-29 11:48:24', '20', 1),
(1178, 'evaluations', 'View Evaluation', '', 'images', '2023-11-29 11:48:24', '20', 1),
(1179, 'users', 'Logout from scheva', '', '', '2023-11-29 12:11:55', '20', 1),
(1180, 'users', 'Login to scheva', '', '', '2023-11-29 12:12:04', '20', 1),
(1181, 'evaluations', 'View Evaluation', '', '42', '2023-11-29 12:13:11', '20', 1),
(1182, 'evaluations', 'View Evaluation', '', 'images', '2023-11-29 12:13:11', '20', 1),
(1183, 'users', 'Access menu users', '', '', '2023-11-29 12:13:32', '20', 1),
(1184, 'schools', 'Access menu school', '', '', '2023-11-29 12:13:41', '20', 1),
(1185, 'questions', 'Access menu question', '', '', '2023-11-29 12:13:46', '20', 1),
(1186, 'users', 'Access menu users', '', '', '2023-11-29 12:13:52', '20', 1),
(1187, 'users', 'Access form users', '', '', '2023-11-29 12:13:54', '20', 1),
(1188, 'users', 'Access menu users', '', '', '2023-11-29 12:14:09', '20', 1),
(1189, 'questions', 'Access menu question', '', '', '2023-11-29 12:14:18', '20', 1),
(1190, 'questions', 'Access form question', '', '', '2023-11-29 12:14:20', '20', 1),
(1191, 'questions', 'Insert data question', '', '28', '2023-11-29 12:15:38', '20', 1),
(1192, 'questions', 'Access menu question', '', '', '2023-11-29 12:15:38', '20', 1),
(1193, 'questions', 'View data question', '', '28', '2023-11-29 12:15:43', '20', 1),
(1194, 'evaluations', 'Access menu Evaluation', '', '', '2023-11-29 12:15:56', '20', 1),
(1195, 'evaluations', 'View Evaluation', '', '42', '2023-11-29 12:16:00', '20', 1),
(1196, 'evaluations', 'View Evaluation', '', 'images', '2023-11-29 12:16:00', '20', 1),
(1197, 'users', 'Logout from scheva', '', '', '2023-11-29 12:17:32', '20', 1),
(1198, 'users', 'Login to scheva', '', '', '2023-11-29 12:17:44', '6', 1),
(1199, 'schools', 'Access menu school', '', '', '2023-11-29 12:22:21', '6', 1),
(1200, 'evaluations', 'Access menu Evaluation', '', '', '2023-11-29 12:22:23', '6', 1),
(1201, 'evaluations', 'View Evaluation', '', '39', '2023-11-29 12:22:33', '6', 1),
(1202, 'evaluations', 'View Evaluation', '', 'images', '2023-11-29 12:22:33', '6', 1),
(1203, 'users', 'Logout from scheva', '', '', '2023-11-29 12:22:58', '6', 1),
(1204, 'users', 'Login to scheva', '', '', '2023-11-29 12:23:08', '17', 1),
(1205, 'schools', 'Access menu school', '', '', '2023-11-29 12:23:26', '17', 1),
(1206, 'bookmarks', 'Bookmark school', '', '25', '2023-11-29 12:23:37', '17', 1),
(1207, 'schools', 'View data school', '', '9', '2023-11-29 12:23:38', '17', 1),
(1208, 'schools', 'View data school', '', '1', '2023-11-29 12:23:43', '17', 1),
(1209, 'evaluations', 'View Evaluation', '', '41', '2023-11-29 12:23:45', '17', 1),
(1210, 'evaluations', 'View Evaluation', '', 'images', '2023-11-29 12:23:45', '17', 1),
(1211, 'evaluations', 'Access menu Evaluation', '', '', '2023-11-29 12:23:54', '17', 1),
(1212, 'schools', 'Access menu school', '', '', '2023-11-29 12:24:00', '17', 1),
(1213, 'schools', 'View data school', '', '1', '2023-11-29 12:24:06', '17', 1),
(1214, 'evaluations', 'View Evaluation', '', '41', '2023-11-29 12:24:11', '17', 1),
(1215, 'evaluations', 'View Evaluation', '', 'images', '2023-11-29 12:24:11', '17', 1),
(1216, 'evaluations', 'Access menu Evaluation', '', '', '2023-11-29 12:25:11', '17', 1),
(1217, 'evaluations', 'View Evaluation', '', '42', '2023-11-29 12:25:22', '17', 1),
(1218, 'evaluations', 'View Evaluation', '', 'images', '2023-11-29 12:25:22', '17', 1),
(1219, 'schools', 'Access menu school', '', '', '2023-11-29 12:27:08', '17', 1),
(1220, 'schools', 'Access menu school', '', '', '2023-11-29 12:27:11', '17', 1),
(1221, 'schools', 'View data school', '', '1', '2023-11-29 12:27:30', '17', 1),
(1222, 'evaluations', 'View Evaluation', '', '41', '2023-11-29 12:27:41', '17', 1),
(1223, 'evaluations', 'View Evaluation', '', 'images', '2023-11-29 12:27:41', '17', 1),
(1224, 'schools', 'Access menu school', '', '', '2023-11-29 12:29:06', '17', 1),
(1225, 'schools', 'View data school', '', '9', '2023-11-29 12:29:07', '17', 1),
(1226, 'schools', 'View data school', '', '9', '2023-11-29 12:29:48', '17', 1),
(1227, 'evaluations', 'Access menu Evaluation', '', '', '2023-11-29 12:29:51', '17', 1),
(1228, 'evaluations', 'View Evaluation', '', '42', '2023-11-29 12:29:56', '17', 1),
(1229, 'evaluations', 'View Evaluation', '', 'images', '2023-11-29 12:29:57', '17', 1),
(1230, 'evaluations', 'Access menu Evaluation', '', '', '2023-11-29 12:30:16', '17', 1),
(1231, 'schools', 'Access menu school', '', '', '2023-11-29 12:32:23', '17', 1),
(1232, 'users', 'Logout from scheva', '', '', '2023-11-29 12:32:37', '17', 1),
(1233, 'users', 'Login to scheva', '', '', '2023-11-29 12:32:44', '20', 1);
INSERT INTO `log_activities` (`id`, `tables_name`, `description`, `before`, `after`, `create_date`, `create_by`, `active`) VALUES
(1234, 'users', 'Logout from scheva', '', '', '2023-11-29 12:32:53', '20', 1),
(1235, 'users', 'Login to scheva', '', '', '2023-11-29 12:33:00', '14', 1),
(1236, 'evaluations', 'Access menu Evaluation', '', '', '2023-11-29 12:33:03', '14', 1),
(1237, 'evaluations', 'Access form Evaluation', '', '', '2023-11-29 12:33:07', '14', 1),
(1238, 'evaluations', 'Submit Evaluation', '', '43', '2023-11-29 12:33:31', '14', 1),
(1239, 'evaluations', 'Access menu Evaluation', '', '', '2023-11-29 12:33:31', '14', 1),
(1240, 'users', 'Access profile page', '', '', '2023-11-29 12:33:50', '14', 1),
(1241, 'users', 'Access form edit user', '', '14', '2023-11-29 12:33:53', '14', 1),
(1242, 'users', 'Access form edit user', '', 'images', '2023-11-29 12:33:53', '14', 1),
(1243, 'users', 'Access profile page', '', '', '2023-11-29 12:33:58', '14', 1),
(1244, 'schools', 'Access menu school', '', '', '2023-11-29 12:34:01', '14', 1),
(1245, 'schools', 'Access form edit school', '', '3', '2023-11-29 12:34:05', '14', 1),
(1246, 'schools', 'Access form edit school', '', 'images', '2023-11-29 12:34:05', '14', 1),
(1247, 'schools', 'Access menu school', '', '', '2023-11-29 12:34:49', '14', 1),
(1248, 'schools', 'Access form edit school', '', '3', '2023-11-29 12:34:55', '14', 1),
(1249, 'schools', 'Access form edit school', '', 'images', '2023-11-29 12:34:55', '14', 1),
(1250, 'schools', 'Access menu school', '', '', '2023-11-29 12:35:04', '14', 1),
(1251, 'schools', 'Access form edit school', '', '3', '2023-11-29 12:35:10', '14', 1),
(1252, 'schools', 'Access form edit school', '', 'images', '2023-11-29 12:35:10', '14', 1),
(1253, 'users', 'Access profile page', '', '', '2023-11-29 12:35:13', '14', 1),
(1254, 'users', 'Access form edit user', '', '14', '2023-11-29 12:35:18', '14', 1),
(1255, 'users', 'Access form edit user', '', 'images', '2023-11-29 12:35:18', '14', 1),
(1256, 'evaluations', 'Access menu Evaluation', '', '', '2023-11-29 12:35:35', '14', 1),
(1257, 'evaluations', 'View Evaluation', '', '43', '2023-11-29 12:35:43', '14', 1),
(1258, 'evaluations', 'View Evaluation', '', 'images', '2023-11-29 12:35:43', '14', 1),
(1259, 'users', 'Logout from scheva', '', '', '2023-11-29 12:36:08', '14', 1),
(1260, 'users', 'Login to scheva', '', '', '2023-11-29 12:36:15', '17', 1),
(1261, 'evaluations', 'View Evaluation', '', '43', '2023-11-29 12:36:27', '17', 1),
(1262, 'evaluations', 'View Evaluation', '', 'images', '2023-11-29 12:36:27', '17', 1),
(1263, 'schools', 'Access menu school', '', '', '2023-11-29 12:37:32', '17', 1),
(1264, 'evaluations', 'Access menu Evaluation', '', '', '2023-11-29 12:37:53', '17', 1),
(1265, 'users', 'Logout from scheva', '', '', '2023-11-29 12:38:13', '17', 1),
(1266, 'users', 'Login to scheva', '', '', '2023-11-29 12:39:28', '17', 1),
(1267, 'evaluations', 'Access menu Evaluation', '', '', '2023-11-29 12:39:32', '17', 1),
(1268, 'users', 'Access profile page', '', '', '2023-11-29 12:39:42', '17', 1),
(1269, 'users', 'Access form edit user', '', '17', '2023-11-29 12:39:44', '17', 1),
(1270, 'users', 'Access form edit user', '', 'images', '2023-11-29 12:39:45', '17', 1),
(1271, 'users', 'Logout from scheva', '', '', '2023-11-29 12:40:13', '17', 1),
(1272, 'users', 'Login to scheva', '', '', '2023-11-29 12:40:22', '6', 1),
(1273, 'users', 'Access profile page', '', '', '2023-11-29 12:40:26', '6', 1),
(1274, 'users', 'Access form edit user', '', '6', '2023-11-29 12:40:28', '6', 1),
(1275, 'users', 'Access form edit user', '', 'images', '2023-11-29 12:40:28', '6', 1),
(1276, 'schools', 'Access menu school', '', '', '2023-11-29 12:41:06', '6', 1),
(1277, 'users', 'Logout from scheva', '', '', '2023-11-29 12:41:34', '6', 1),
(1278, 'users', 'Login to scheva', '', '', '2023-11-29 12:41:40', '20', 1),
(1279, 'users', 'Access menu users', '', '', '2023-11-29 12:41:44', '20', 1),
(1280, 'users', 'Access form users', '', '', '2023-11-29 12:41:46', '20', 1),
(1281, 'schools', 'Access menu school', '', '', '2023-11-29 12:42:04', '20', 1),
(1282, 'evaluations', 'Access menu Evaluation', '', '', '2023-11-29 12:43:19', '20', 1),
(1283, 'evaluations', 'View Evaluation', '', '43', '2023-11-29 12:43:21', '20', 1),
(1284, 'evaluations', 'View Evaluation', '', 'images', '2023-11-29 12:43:21', '20', 1),
(1285, 'users', 'Login to scheva', '', '', '2023-11-29 14:58:49', '6', 1),
(1286, 'schools', 'Access menu school', '', '', '2023-11-29 15:04:52', '6', 1),
(1287, 'evaluations', 'Access menu Evaluation', '', '', '2023-11-29 15:04:55', '6', 1),
(1288, 'evaluations', 'View Evaluation', '', '41', '2023-11-29 15:04:59', '6', 1),
(1289, 'evaluations', 'View Evaluation', '', 'images', '2023-11-29 15:04:59', '6', 1),
(1290, 'evaluations', 'View Evaluation', '', '41', '2023-11-29 15:07:04', '6', 1),
(1291, 'evaluations', 'View Evaluation', '', 'images', '2023-11-29 15:07:05', '6', 1),
(1292, 'evaluations', 'View Evaluation', '', '41', '2023-11-29 15:09:13', '6', 1),
(1293, 'evaluations', 'View Evaluation', '', 'images', '2023-11-29 15:09:14', '6', 1),
(1294, 'evaluations', 'View Evaluation', '', '41', '2023-11-29 15:09:34', '6', 1),
(1295, 'evaluations', 'View Evaluation', '', 'images', '2023-11-29 15:09:34', '6', 1),
(1296, 'users', 'Access profile page', '', '', '2023-11-29 15:11:46', '6', 1),
(1297, 'users', 'Access form edit user', '', '6', '2023-11-29 15:11:48', '6', 1),
(1298, 'users', 'Access form edit user', '', 'images', '2023-11-29 15:11:48', '6', 1),
(1299, 'evaluations', 'Access menu Evaluation', '', '', '2023-11-29 15:13:43', '6', 1),
(1300, 'evaluations', 'View Evaluation', '', '41', '2023-11-29 15:13:46', '6', 1),
(1301, 'evaluations', 'View Evaluation', '', 'images', '2023-11-29 15:13:46', '6', 1),
(1302, 'evaluations', 'Access menu Evaluation', '', '', '2023-11-29 15:14:10', '6', 1),
(1303, 'evaluations', 'View Evaluation', '', '39', '2023-11-29 15:14:12', '6', 1),
(1304, 'evaluations', 'View Evaluation', '', 'images', '2023-11-29 15:14:13', '6', 1),
(1305, 'evaluations', 'View Evaluation', '', '39', '2023-11-29 15:16:23', '6', 1),
(1306, 'evaluations', 'View Evaluation', '', 'images', '2023-11-29 15:16:24', '6', 1),
(1307, 'evaluations', 'View Evaluation', '', '39', '2023-11-29 15:16:39', '6', 1),
(1308, 'evaluations', 'View Evaluation', '', 'images', '2023-11-29 15:16:39', '6', 1),
(1309, 'evaluations', 'View Evaluation', '', '39', '2023-11-29 15:16:47', '6', 1),
(1310, 'evaluations', 'View Evaluation', '', 'images', '2023-11-29 15:16:48', '6', 1),
(1311, 'evaluations', 'View Evaluation', '', '39', '2023-11-29 15:17:05', '6', 1),
(1312, 'evaluations', 'View Evaluation', '', 'images', '2023-11-29 15:17:06', '6', 1),
(1313, 'evaluations', 'View Evaluation', '', '39', '2023-11-29 15:17:35', '6', 1),
(1314, 'evaluations', 'View Evaluation', '', 'images', '2023-11-29 15:17:36', '6', 1),
(1315, 'evaluations', 'View Evaluation', '', '39', '2023-11-29 15:17:57', '6', 1),
(1316, 'evaluations', 'View Evaluation', '', 'images', '2023-11-29 15:17:58', '6', 1),
(1317, 'evaluations', 'View Evaluation', '', '39', '2023-11-29 15:18:14', '6', 1),
(1318, 'evaluations', 'View Evaluation', '', 'images', '2023-11-29 15:18:14', '6', 1),
(1319, 'evaluations', 'View Evaluation', '', '39', '2023-11-29 15:18:22', '6', 1),
(1320, 'evaluations', 'View Evaluation', '', 'images', '2023-11-29 15:18:22', '6', 1),
(1321, 'evaluations', 'View Evaluation', '', '39', '2023-11-29 15:18:55', '6', 1),
(1322, 'evaluations', 'View Evaluation', '', 'images', '2023-11-29 15:18:56', '6', 1),
(1323, 'evaluations', 'View Evaluation', '', '39', '2023-11-29 15:26:01', '6', 1),
(1324, 'evaluations', 'View Evaluation', '', 'images', '2023-11-29 15:26:01', '6', 1),
(1325, 'evaluations', 'View Evaluation', '', '39', '2023-11-29 15:26:58', '6', 1),
(1326, 'evaluations', 'View Evaluation', '', 'images', '2023-11-29 15:26:59', '6', 1),
(1327, 'evaluations', 'View Evaluation', '', '39', '2023-11-29 15:28:46', '6', 1),
(1328, 'evaluations', 'View Evaluation', '', 'images', '2023-11-29 15:28:47', '6', 1),
(1329, 'evaluations', 'View Evaluation', '', '39', '2023-11-29 15:32:21', '6', 1),
(1330, 'evaluations', 'View Evaluation', '', 'images', '2023-11-29 15:32:22', '6', 1),
(1331, 'evaluations', 'View Evaluation', '', '39', '2023-11-29 15:32:34', '6', 1),
(1332, 'evaluations', 'View Evaluation', '', 'images', '2023-11-29 15:32:34', '6', 1),
(1333, 'evaluations', 'View Evaluation', '', '39', '2023-11-29 15:35:33', '6', 1),
(1334, 'evaluations', 'View Evaluation', '', 'images', '2023-11-29 15:35:33', '6', 1),
(1335, 'evaluations', 'View Evaluation', '', '39', '2023-11-29 15:36:10', '6', 1),
(1336, 'evaluations', 'View Evaluation', '', 'images', '2023-11-29 15:36:10', '6', 1),
(1337, 'evaluations', 'View Evaluation', '', '39', '2023-11-29 15:36:49', '6', 1),
(1338, 'evaluations', 'View Evaluation', '', 'images', '2023-11-29 15:36:50', '6', 1),
(1339, 'evaluations', 'View Evaluation', '', '39', '2023-11-29 15:37:51', '6', 1),
(1340, 'evaluations', 'View Evaluation', '', 'images', '2023-11-29 15:37:51', '6', 1),
(1341, 'evaluations', 'View Evaluation', '', '39', '2023-11-29 15:38:39', '6', 1),
(1342, 'evaluations', 'View Evaluation', '', 'images', '2023-11-29 15:38:40', '6', 1),
(1343, 'evaluations', 'View Evaluation', '', '39', '2023-11-29 15:39:17', '6', 1),
(1344, 'evaluations', 'View Evaluation', '', 'images', '2023-11-29 15:39:18', '6', 1),
(1345, 'evaluations', 'View Evaluation', '', '39', '2023-11-29 15:39:37', '6', 1),
(1346, 'evaluations', 'View Evaluation', '', 'images', '2023-11-29 15:39:37', '6', 1),
(1347, 'evaluations', 'View Evaluation', '', '39', '2023-11-29 15:40:09', '6', 1),
(1348, 'evaluations', 'View Evaluation', '', 'images', '2023-11-29 15:40:10', '6', 1),
(1349, 'evaluations', 'View Evaluation', '', '39', '2023-11-29 15:40:21', '6', 1),
(1350, 'evaluations', 'View Evaluation', '', 'images', '2023-11-29 15:40:21', '6', 1),
(1351, 'evaluations', 'View Evaluation', '', '39', '2023-11-29 15:40:35', '6', 1),
(1352, 'evaluations', 'View Evaluation', '', 'images', '2023-11-29 15:40:36', '6', 1),
(1353, 'evaluations', 'View Evaluation', '', '39', '2023-11-29 15:41:42', '6', 1),
(1354, 'evaluations', 'View Evaluation', '', 'images', '2023-11-29 15:41:43', '6', 1),
(1355, 'evaluations', 'View Evaluation', '', '39', '2023-11-29 15:42:28', '6', 1),
(1356, 'evaluations', 'View Evaluation', '', 'images', '2023-11-29 15:42:29', '6', 1),
(1357, 'evaluations', 'View Evaluation', '', '39', '2023-11-29 15:43:59', '6', 1),
(1358, 'evaluations', 'View Evaluation', '', 'images', '2023-11-29 15:44:00', '6', 1),
(1359, 'evaluations', 'View Evaluation', '', '39', '2023-11-29 15:44:40', '6', 1),
(1360, 'evaluations', 'View Evaluation', '', 'images', '2023-11-29 15:44:40', '6', 1),
(1361, 'evaluations', 'View Evaluation', '', '39', '2023-11-29 15:45:09', '6', 1),
(1362, 'evaluations', 'View Evaluation', '', 'images', '2023-11-29 15:45:10', '6', 1),
(1363, 'evaluations', 'Access menu Evaluation', '', '', '2023-11-29 15:45:53', '6', 1),
(1364, 'evaluations', 'View Evaluation', '', '39', '2023-11-29 15:45:56', '6', 1),
(1365, 'evaluations', 'View Evaluation', '', 'images', '2023-11-29 15:45:56', '6', 1),
(1366, 'evaluations', 'Access menu Evaluation', '', '', '2023-11-29 15:46:37', '6', 1),
(1367, 'evaluations', 'View Evaluation', '', '39', '2023-11-29 15:46:39', '6', 1),
(1368, 'evaluations', 'View Evaluation', '', 'images', '2023-11-29 15:46:39', '6', 1),
(1369, 'evaluations', 'View Evaluation', '', '39', '2023-11-29 15:48:16', '6', 1),
(1370, 'evaluations', 'View Evaluation', '', 'images', '2023-11-29 15:48:16', '6', 1),
(1371, 'evaluations', 'View Evaluation', '', '39', '2023-11-29 15:49:00', '6', 1),
(1372, 'evaluations', 'View Evaluation', '', 'images', '2023-11-29 15:49:00', '6', 1),
(1373, 'users', 'Logout from scheva', '', '', '2023-11-29 15:49:04', '6', 1),
(1374, 'users', 'Login to scheva', '', '', '2023-11-29 15:49:44', '20', 1),
(1375, 'users', 'Access menu users', '', '', '2023-11-29 15:49:47', '20', 1),
(1376, 'schools', 'Access menu school', '', '', '2023-11-29 15:49:49', '20', 1),
(1377, 'questions', 'Access menu question', '', '', '2023-11-29 15:49:51', '20', 1),
(1378, 'questions', 'Delete data question', '', '28', '2023-11-29 15:49:54', '20', 1),
(1379, 'questions', 'Delete data question', '', '27', '2023-11-29 15:49:57', '20', 1),
(1380, 'evaluations', 'Access menu Evaluation', '', '', '2023-11-29 15:50:02', '20', 1),
(1381, 'evaluations', 'Access menu Evaluation', '', '', '2023-11-29 15:50:36', '20', 1),
(1382, 'evaluations', 'View Evaluation', '', '43', '2023-11-29 15:50:40', '20', 1),
(1383, 'evaluations', 'View Evaluation', '', 'images', '2023-11-29 15:50:40', '20', 1),
(1384, 'evaluations', 'View Evaluation', '', '43', '2023-11-29 15:52:23', '20', 1),
(1385, 'evaluations', 'View Evaluation', '', 'images', '2023-11-29 15:52:23', '20', 1),
(1386, 'evaluations', 'View Evaluation', '', '43', '2023-11-29 15:52:43', '20', 1),
(1387, 'evaluations', 'View Evaluation', '', 'images', '2023-11-29 15:52:43', '20', 1),
(1388, 'evaluations', 'View Evaluation', '', '43', '2023-11-29 15:53:11', '20', 1),
(1389, 'evaluations', 'View Evaluation', '', 'images', '2023-11-29 15:53:11', '20', 1),
(1390, 'evaluations', 'View Evaluation', '', '43', '2023-11-29 15:53:46', '20', 1),
(1391, 'evaluations', 'View Evaluation', '', 'images', '2023-11-29 15:53:46', '20', 1),
(1392, 'evaluations', 'Access menu Evaluation', '', '', '2023-11-29 15:53:48', '20', 1),
(1393, 'evaluations', 'View Evaluation', '', '39', '2023-11-29 15:53:52', '20', 1),
(1394, 'evaluations', 'View Evaluation', '', 'images', '2023-11-29 15:53:53', '20', 1),
(1395, 'evaluations', 'View Evaluation', '', '39', '2023-11-29 15:55:06', '20', 1),
(1396, 'evaluations', 'View Evaluation', '', 'images', '2023-11-29 15:55:06', '20', 1),
(1397, 'evaluations', 'View Evaluation', '', '39', '2023-11-29 15:57:43', '20', 1),
(1398, 'evaluations', 'View Evaluation', '', 'images', '2023-11-29 15:57:44', '20', 1),
(1399, 'evaluations', 'View Evaluation', '', '39', '2023-11-29 15:58:37', '20', 1),
(1400, 'evaluations', 'View Evaluation', '', 'images', '2023-11-29 15:58:37', '20', 1),
(1401, 'evaluations', 'View Evaluation', '', '39', '2023-11-29 15:59:07', '20', 1),
(1402, 'evaluations', 'View Evaluation', '', 'images', '2023-11-29 15:59:08', '20', 1),
(1403, 'evaluations', 'View Evaluation', '', '39', '2023-11-29 16:00:54', '20', 1),
(1404, 'evaluations', 'View Evaluation', '', 'images', '2023-11-29 16:00:55', '20', 1),
(1405, 'evaluations', 'View Evaluation', '', '39', '2023-11-29 16:01:06', '20', 1),
(1406, 'evaluations', 'View Evaluation', '', 'images', '2023-11-29 16:01:07', '20', 1),
(1407, 'evaluations', 'View Evaluation', '', '39', '2023-11-29 16:03:11', '20', 1),
(1408, 'evaluations', 'View Evaluation', '', 'images', '2023-11-29 16:03:11', '20', 1),
(1409, 'evaluations', 'View Evaluation', '', '39', '2023-11-29 16:03:37', '20', 1),
(1410, 'evaluations', 'View Evaluation', '', 'images', '2023-11-29 16:03:37', '20', 1),
(1411, 'evaluations', 'View Evaluation', '', '39', '2023-11-29 16:04:23', '20', 1),
(1412, 'evaluations', 'View Evaluation', '', 'images', '2023-11-29 16:04:24', '20', 1),
(1413, 'evaluations', 'View Evaluation', '', '39', '2023-11-29 16:04:53', '20', 1),
(1414, 'evaluations', 'View Evaluation', '', 'images', '2023-11-29 16:04:54', '20', 1),
(1415, 'evaluations', 'View Evaluation', '', '39', '2023-11-29 16:05:14', '20', 1),
(1416, 'evaluations', 'View Evaluation', '', 'images', '2023-11-29 16:05:15', '20', 1),
(1417, 'evaluations', 'View Evaluation', '', '39', '2023-11-29 16:06:03', '20', 1),
(1418, 'evaluations', 'View Evaluation', '', 'images', '2023-11-29 16:06:04', '20', 1),
(1419, 'evaluations', 'View Evaluation', '', '39', '2023-11-29 16:06:20', '20', 1),
(1420, 'evaluations', 'View Evaluation', '', 'images', '2023-11-29 16:06:20', '20', 1),
(1421, 'evaluations', 'View Evaluation', '', '39', '2023-11-29 16:08:39', '20', 1),
(1422, 'evaluations', 'View Evaluation', '', 'images', '2023-11-29 16:08:40', '20', 1),
(1423, 'evaluations', 'View Evaluation', '', '39', '2023-11-29 16:09:15', '20', 1),
(1424, 'evaluations', 'View Evaluation', '', 'images', '2023-11-29 16:09:15', '20', 1),
(1425, 'evaluations', 'View Evaluation', '', '39', '2023-11-29 16:09:34', '20', 1),
(1426, 'evaluations', 'View Evaluation', '', 'images', '2023-11-29 16:09:35', '20', 1),
(1427, 'evaluations', 'View Evaluation', '', '39', '2023-11-29 16:09:47', '20', 1),
(1428, 'evaluations', 'View Evaluation', '', 'images', '2023-11-29 16:09:48', '20', 1),
(1429, 'evaluations', 'View Evaluation', '', '39', '2023-11-29 16:10:58', '20', 1),
(1430, 'evaluations', 'View Evaluation', '', 'images', '2023-11-29 16:10:58', '20', 1),
(1431, 'evaluations', 'View Evaluation', '', '39', '2023-11-29 16:11:19', '20', 1),
(1432, 'evaluations', 'View Evaluation', '', 'images', '2023-11-29 16:11:20', '20', 1),
(1433, 'evaluations', 'View Evaluation', '', '39', '2023-11-29 16:11:30', '20', 1),
(1434, 'evaluations', 'View Evaluation', '', 'images', '2023-11-29 16:11:31', '20', 1),
(1435, 'evaluations', 'View Evaluation', '', '39', '2023-11-29 16:11:49', '20', 1),
(1436, 'evaluations', 'View Evaluation', '', 'images', '2023-11-29 16:11:49', '20', 1),
(1437, 'evaluations', 'View Evaluation', '', '39', '2023-11-29 16:18:14', '20', 1),
(1438, 'evaluations', 'View Evaluation', '', 'images', '2023-11-29 16:18:15', '20', 1),
(1439, 'evaluations', 'View Evaluation', '', '39', '2023-11-29 16:18:40', '20', 1),
(1440, 'evaluations', 'View Evaluation', '', 'images', '2023-11-29 16:18:40', '20', 1),
(1441, 'evaluations', 'View Evaluation', '', '39', '2023-11-29 16:18:57', '20', 1),
(1442, 'evaluations', 'View Evaluation', '', 'images', '2023-11-29 16:18:58', '20', 1),
(1443, 'evaluations', 'Access menu Evaluation', '', '', '2023-11-29 16:19:25', '20', 1),
(1444, 'evaluations', 'View Evaluation', '', '41', '2023-11-29 16:19:28', '20', 1),
(1445, 'evaluations', 'View Evaluation', '', 'images', '2023-11-29 16:19:29', '20', 1),
(1446, 'users', 'Access menu users', '', '', '2023-11-29 16:33:13', '20', 1),
(1447, 'schools', 'Access menu school', '', '', '2023-11-29 16:33:19', '20', 1),
(1448, 'users', 'Access menu users', '', '', '2023-11-29 16:40:49', '20', 1),
(1449, 'schools', 'Access menu school', '', '', '2023-11-29 16:40:59', '20', 1),
(1450, 'users', 'Access menu users', '', '', '2023-11-29 16:41:05', '20', 1),
(1451, 'users', 'Logout from scheva', '', '', '2023-11-29 16:41:23', '20', 1),
(1452, 'users', 'Login to scheva', '', '', '2023-11-29 16:41:29', '135', 1),
(1453, 'evaluations', 'Access menu Evaluation', '', '', '2023-11-29 16:41:38', '135', 1),
(1454, 'schools', 'Access menu school', '', '', '2023-11-29 16:41:42', '135', 1),
(1455, 'schools', 'Access menu school', '', '', '2023-11-29 16:42:07', '135', 1),
(1456, 'users', 'Logout from scheva', '', '', '2023-11-29 16:42:57', '135', 1),
(1457, 'users', 'Login to scheva', '', '', '2023-11-29 16:43:03', '22', 1),
(1458, 'schools', 'Access menu school', '', '', '2023-11-29 16:43:07', '22', 1),
(1459, 'schools', 'View data school', '', '12', '2023-11-29 16:43:11', '22', 1),
(1460, 'schools', 'Access form edit school', '', '12', '2023-11-29 16:43:15', '22', 1),
(1461, 'schools', 'Access form edit school', '', 'images', '2023-11-29 16:43:15', '22', 1),
(1462, 'users', 'Logout from scheva', '', '', '2023-11-29 16:43:25', '22', 1),
(1463, 'users', 'Login to scheva', '', '', '2023-11-29 16:44:14', '17', 1),
(1464, 'evaluations', 'Access menu Evaluation', '', '', '2023-11-29 16:44:16', '17', 1),
(1465, 'evaluations', 'View Evaluation', '', '42', '2023-11-29 16:44:18', '17', 1),
(1466, 'evaluations', 'View Evaluation', '', 'images', '2023-11-29 16:44:18', '17', 1),
(1467, 'schools', 'Access menu school', '', '', '2023-11-29 16:44:58', '17', 1),
(1468, 'users', 'Login to scheva', '', '', '2023-11-30 02:11:28', '20', 1),
(1469, 'schools', 'Access menu school', '', '', '2023-11-30 02:11:30', '20', 1),
(1470, 'users', 'Access menu users', '', '', '2023-11-30 02:11:33', '20', 1),
(1471, 'schools', 'Access menu school', '', '', '2023-11-30 02:11:39', '20', 1),
(1472, 'schools', 'Access form school', '', '', '2023-11-30 02:11:58', '20', 1),
(1473, 'schools', 'Access form school', '', '', '2023-11-30 02:13:30', '20', 1),
(1474, 'schools', 'Access form school', '', '', '2023-11-30 02:18:37', '20', 1),
(1475, 'schools', 'Access menu school', '', '', '2023-11-30 02:38:10', '20', 1),
(1476, 'schools', 'Access form edit school', '', '12', '2023-11-30 02:38:43', '20', 1),
(1477, 'schools', 'Access form edit school', '', '12', '2023-11-30 02:39:00', '20', 1),
(1478, 'schools', 'Access form edit school', '', '12', '2023-11-30 02:39:09', '20', 1),
(1479, 'schools', 'Access form edit school', '', '12', '2023-11-30 02:40:40', '20', 1),
(1480, 'schools', 'Access form edit school', '', '12', '2023-11-30 02:41:07', '20', 1),
(1481, 'schools', 'Access form edit school', '', '12', '2023-11-30 02:41:41', '20', 1),
(1482, 'schools', 'Update data school', '', '12', '2023-11-30 02:42:01', '20', 1),
(1483, 'schools', 'Access menu school', '', '', '2023-11-30 02:42:01', '20', 1),
(1484, 'users', 'Logout from scheva', '', '', '2023-11-30 02:42:13', '20', 1),
(1485, 'users', 'Login to scheva', '', '', '2023-11-30 02:42:17', '135', 1),
(1486, 'schools', 'Access menu school', '', '', '2023-11-30 02:42:20', '135', 1),
(1487, 'users', 'Logout from scheva', '', '', '2023-11-30 02:43:19', '135', 1),
(1488, 'users', 'Login to scheva', '', '', '2023-11-30 02:43:25', '22', 1),
(1489, 'schools', 'Access menu school', '', '', '2023-11-30 02:43:27', '22', 1),
(1490, 'schools', 'Access form edit school', '', '12', '2023-11-30 02:43:29', '22', 1),
(1491, 'schools', 'Update data school', '', '12', '2023-11-30 02:43:34', '22', 1),
(1492, 'schools', 'Access menu school', '', '', '2023-11-30 02:43:34', '22', 1),
(1493, 'users', 'Logout from scheva', '', '', '2023-11-30 02:43:38', '22', 1),
(1494, 'users', 'Login to scheva', '', '', '2023-11-30 02:43:43', '135', 1),
(1495, 'schools', 'Access menu school', '', '', '2023-11-30 02:43:46', '135', 1),
(1496, 'schools', 'Access menu school', '', '', '2023-11-30 02:47:14', '135', 1),
(1497, 'bookmarks', 'Bookmark school', '', '0', '2023-11-30 02:47:17', '135', 1),
(1498, 'bookmarks', 'Bookmark school', '', '0', '2023-11-30 02:47:43', '135', 1),
(1499, 'bookmarks', 'Bookmark school', '', '0', '2023-11-30 02:47:46', '135', 1),
(1500, 'bookmarks', 'Bookmark school', '', '0', '2023-11-30 02:47:51', '135', 1),
(1501, 'schools', 'Access menu school', '', '', '2023-11-30 02:48:31', '135', 1),
(1502, 'bookmarks', 'Bookmark school', '', '0', '2023-11-30 02:48:39', '135', 1),
(1503, 'bookmarks', 'Delete Bookmark school', '', '26', '2023-11-30 02:48:47', '135', 1),
(1504, 'bookmarks', 'Bookmark school', '', '27', '2023-11-30 02:48:52', '135', 1),
(1505, 'bookmarks', 'Bookmark school', '', '0', '2023-11-30 02:49:02', '135', 1),
(1506, 'schools', 'View data school', '', '12', '2023-11-30 02:50:10', '135', 1),
(1507, 'schools', 'Access menu school', '', '', '2023-11-30 02:53:46', '135', 1),
(1508, 'schools', 'Access menu school', '', '', '2023-11-30 02:55:14', '135', 1),
(1509, 'schools', 'Access menu school', '', '', '2023-11-30 02:55:43', '135', 1),
(1510, 'schools', 'Access menu school', '', '', '2023-11-30 02:56:34', '135', 1),
(1511, 'schools', 'Access menu school', '', '', '2023-11-30 02:57:21', '135', 1),
(1512, 'users', 'Logout from scheva', '', '', '2023-11-30 02:57:25', '135', 1),
(1513, 'users', 'Login to scheva', '', '', '2023-11-30 02:57:33', '17', 1),
(1514, 'schools', 'Access menu school', '', '', '2023-11-30 02:57:36', '17', 1),
(1515, 'bookmarks', 'Delete Bookmark school', '', '25', '2023-11-30 02:57:51', '17', 1),
(1516, 'bookmarks', 'Bookmark school', '', '28', '2023-11-30 02:58:05', '17', 1),
(1517, 'schools', 'View data school', '', '9', '2023-11-30 02:58:19', '17', 1),
(1518, 'schools', 'Access menu school', '', '', '2023-11-30 03:01:57', '17', 1),
(1519, 'schools', 'Access menu school', '', '', '2023-11-30 03:02:37', '17', 1),
(1520, 'schools', 'Access menu school', '', '', '2023-11-30 03:02:49', '17', 1),
(1521, 'schools', 'View data school', '', '9', '2023-11-30 03:02:51', '17', 1),
(1522, 'schools', 'Access menu school', '', '', '2023-11-30 03:03:28', '17', 1),
(1523, 'schools', 'View data school', '', '9', '2023-11-30 03:03:32', '17', 1),
(1524, 'schools', 'Access menu school', '', '', '2023-11-30 03:03:50', '17', 1),
(1525, 'schools', 'View data school', '', '9', '2023-11-30 03:03:51', '17', 1),
(1526, 'schools', 'View data school', '', '1', '2023-11-30 03:03:58', '17', 1),
(1527, 'schools', 'Access menu school', '', '', '2023-11-30 03:04:08', '17', 1),
(1528, 'users', 'Logout from scheva', '', '', '2023-11-30 03:04:39', '17', 1),
(1529, 'users', 'Login to scheva', '', '', '2023-11-30 03:04:47', '135', 1),
(1530, 'schools', 'Access menu school', '', '', '2023-11-30 03:04:53', '135', 1),
(1531, 'schools', 'Access menu school', '', '', '2023-11-30 03:06:54', '135', 1),
(1532, 'schools', 'Access menu school', '', '', '2023-11-30 03:07:10', '135', 1),
(1533, 'bookmarks', 'Bookmark school', '', '0', '2023-11-30 03:07:32', '135', 1),
(1534, 'bookmarks', 'Bookmark school', '', '29', '2023-11-30 03:07:39', '135', 1),
(1535, 'users', 'Logout from scheva', '', '', '2023-11-30 03:07:50', '135', 1),
(1536, 'users', 'Login to scheva', '', '', '2023-11-30 03:07:58', '22', 1),
(1537, 'users', 'Access profile page', '', '', '2023-11-30 03:08:00', '22', 1),
(1538, 'users', 'Access form edit user', '', '22', '2023-11-30 03:08:03', '22', 1),
(1539, 'users', 'Access form edit user', '', 'images', '2023-11-30 03:08:03', '22', 1),
(1540, 'schools', 'Access menu school', '', '', '2023-11-30 03:08:08', '22', 1),
(1541, 'schools', 'View data school', '', '12', '2023-11-30 03:08:12', '22', 1),
(1542, 'schools', 'Access form edit school', '', '12', '2023-11-30 03:08:17', '22', 1),
(1543, 'evaluations', 'Access menu Evaluation', '', '', '2023-11-30 03:08:57', '22', 1),
(1544, 'evaluations', 'Access form Evaluation', '', '', '2023-11-30 03:09:01', '22', 1),
(1545, 'evaluations', 'Submit Evaluation', '', '44', '2023-11-30 03:09:15', '22', 1),
(1546, 'evaluations', 'Access menu Evaluation', '', '', '2023-11-30 03:09:15', '22', 1),
(1547, 'evaluations', 'View Evaluation', '', '44', '2023-11-30 03:09:17', '22', 1),
(1548, 'evaluations', 'View Evaluation', '', 'images', '2023-11-30 03:09:18', '22', 1),
(1549, 'schools', 'Access menu school', '', '', '2023-11-30 03:09:53', '22', 1),
(1550, 'schools', 'View data school', '', '12', '2023-11-30 03:09:55', '22', 1),
(1551, 'evaluations', 'Access menu Evaluation', '', '', '2023-11-30 03:14:32', '22', 1),
(1552, 'evaluations', 'View Evaluation', '', '44', '2023-11-30 03:14:35', '22', 1),
(1553, 'evaluations', 'View Evaluation', '', 'images', '2023-11-30 03:14:35', '22', 1),
(1554, 'evaluations', 'View Evaluation', '', '44', '2023-11-30 03:15:37', '22', 1),
(1555, 'evaluations', 'Access menu Evaluation', '', '', '2023-11-30 03:15:40', '22', 1),
(1556, 'schools', 'Access menu school', '', '', '2023-11-30 03:15:49', '22', 1),
(1557, 'schools', 'View data school', '', '12', '2023-11-30 03:15:52', '22', 1),
(1558, 'schools', 'View data school', '', '12', '2023-11-30 03:15:56', '22', 1),
(1559, 'evaluations', 'Access menu Evaluation', '', '', '2023-11-30 03:16:00', '22', 1),
(1560, 'evaluations', 'Access form Evaluation', '', '', '2023-11-30 03:16:02', '22', 1),
(1561, 'evaluations', 'Submit Evaluation', '', '45', '2023-11-30 03:16:13', '22', 1),
(1562, 'evaluations', 'Access menu Evaluation', '', '', '2023-11-30 03:16:13', '22', 1),
(1563, 'evaluations', 'Access menu Evaluation', '', '', '2023-11-30 03:16:54', '22', 1),
(1564, 'evaluations', 'Access form Evaluation', '', '', '2023-11-30 03:16:56', '22', 1),
(1565, 'evaluations', 'Submit Evaluation', '', '46', '2023-11-30 03:17:06', '22', 1),
(1566, 'evaluations', 'Access menu Evaluation', '', '', '2023-11-30 03:17:06', '22', 1),
(1567, 'evaluations', 'Access form Evaluation', '', '', '2023-11-30 03:17:52', '22', 1),
(1568, 'evaluations', 'Submit Evaluation', '', '47', '2023-11-30 03:19:49', '22', 1),
(1569, 'evaluations', 'Access menu Evaluation', '', '', '2023-11-30 03:19:49', '22', 1),
(1570, 'evaluations', 'Access menu Evaluation', '', '', '2023-11-30 03:20:55', '22', 1),
(1571, 'evaluations', 'Access form Evaluation', '', '', '2023-11-30 03:20:57', '22', 1),
(1572, 'evaluations', 'Submit Evaluation', '', '48', '2023-11-30 03:21:08', '22', 1),
(1573, 'evaluations', 'Access menu Evaluation', '', '', '2023-11-30 03:21:09', '22', 1),
(1574, 'evaluations', 'View Evaluation', '', '48', '2023-11-30 03:21:22', '22', 1),
(1575, 'evaluations', 'View Evaluation', '', 'images', '2023-11-30 03:21:22', '22', 1),
(1576, 'evaluations', 'Access menu Evaluation', '', '', '2023-11-30 03:22:38', '22', 1),
(1577, 'evaluations', 'Access menu Evaluation', '', '', '2023-11-30 03:22:59', '22', 1),
(1578, 'evaluations', 'View Evaluation', '', '48', '2023-11-30 03:23:04', '22', 1),
(1579, 'evaluations', 'View Evaluation', '', 'images', '2023-11-30 03:23:05', '22', 1),
(1580, 'evaluations', 'View Evaluation', '', '48', '2023-11-30 03:27:05', '22', 1),
(1581, 'evaluations', 'View Evaluation', '', '48', '2023-11-30 03:28:34', '22', 1),
(1582, 'evaluations', 'View Evaluation', '', '48', '2023-11-30 03:29:06', '22', 1),
(1583, 'evaluations', 'Access menu Evaluation', '', '', '2023-11-30 03:29:27', '22', 1),
(1584, 'schools', 'Access menu school', '', '', '2023-11-30 03:29:30', '22', 1),
(1585, 'evaluations', 'Access menu Evaluation', '', '', '2023-11-30 03:29:49', '22', 1),
(1586, 'users', 'Logout from scheva', '', '', '2023-11-30 03:29:52', '22', 1),
(1587, 'users', 'Login to scheva', '', '', '2023-11-30 03:29:59', '20', 1),
(1588, 'schools', 'Access menu school', '', '', '2023-11-30 03:30:01', '20', 1),
(1589, 'users', 'Logout from scheva', '', '', '2023-11-30 03:30:26', '20', 1),
(1590, 'users', 'Login to scheva', '', '', '2023-11-30 03:30:32', '135', 1),
(1591, 'schools', 'Access menu school', '', '', '2023-11-30 03:30:35', '135', 1),
(1592, 'evaluations', 'Access menu Evaluation', '', '', '2023-11-30 03:30:40', '135', 1),
(1593, 'evaluations', 'View Evaluation', '', '42', '2023-11-30 03:30:48', '135', 1),
(1594, 'evaluations', 'View Evaluation', '', '42', '2023-11-30 03:54:02', '135', 1),
(1595, 'evaluations', 'View Evaluation', '', '42', '2023-11-30 03:54:36', '135', 1),
(1596, 'evaluations', 'View Evaluation', '', '42', '2023-11-30 03:55:31', '135', 1),
(1597, 'evaluations', 'View Evaluation', '', '42', '2023-11-30 03:56:36', '135', 1),
(1598, 'evaluations', 'View Evaluation', '', '42', '2023-11-30 03:57:05', '135', 1),
(1599, 'evaluations', 'View Evaluation', '', '42', '2023-11-30 04:00:23', '135', 1),
(1600, 'users', 'Logout from scheva', '', '', '2023-11-30 04:37:08', '135', 1),
(1601, 'users', 'Login to scheva', '', '', '2023-11-30 04:37:32', '6', 1),
(1602, 'users', 'Access profile page', '', '', '2023-11-30 04:46:15', '6', 1),
(1603, 'schools', 'Access menu school', '', '', '2023-11-30 04:55:03', '6', 1),
(1604, 'users', 'Logout from scheva', '', '', '2023-11-30 04:55:42', '6', 1),
(1605, 'users', 'Login to scheva', '', '', '2023-11-30 04:55:52', '14', 1),
(1606, 'schools', 'Access menu school', '', '', '2023-11-30 04:56:19', '14', 1),
(1607, 'evaluations', 'Access menu Evaluation', '', '', '2023-11-30 04:56:20', '14', 1),
(1608, 'users', 'Logout from scheva', '', '', '2023-11-30 04:56:27', '14', 1),
(1609, 'users', 'Login to scheva', '', '', '2023-11-30 04:56:34', '6', 1),
(1610, 'schools', 'Access menu school', '', '', '2023-11-30 04:56:38', '6', 1),
(1611, 'schools', 'Access menu school', '', '', '2023-11-30 04:58:56', '6', 1),
(1612, 'users', 'Logout from scheva', '', '', '2023-11-30 04:59:01', '6', 1),
(1613, 'users', 'Login to scheva', '', '', '2023-11-30 04:59:10', '135', 1),
(1614, 'users', 'Logout from scheva', '', '', '2023-11-30 05:01:54', '135', 1),
(1615, 'users', 'Login to scheva', '', '', '2023-11-30 05:18:21', '17', 1),
(1616, 'users', 'Access profile page', '', '', '2023-11-30 05:22:07', '17', 1),
(1617, 'evaluations', 'Access menu Evaluation', '', '', '2023-11-30 05:22:11', '17', 1),
(1618, 'evaluations', 'View Evaluation', '', '39', '2023-11-30 05:22:15', '17', 1),
(1619, 'users', 'Logout from scheva', '', '', '2023-11-30 05:22:57', '17', 1),
(1620, 'users', 'Login to scheva', '', '', '2023-11-30 05:40:08', '17', 1),
(1621, 'users', 'Logout from scheva', '', '', '2023-11-30 05:40:44', '17', 1),
(1622, 'users', 'Login to scheva', '', '', '2023-11-30 05:40:53', '22', 1),
(1623, 'evaluations', 'Access menu Evaluation', '', '', '2023-11-30 05:41:22', '22', 1),
(1624, 'evaluations', 'View Evaluation', '', '48', '2023-11-30 05:41:24', '22', 1),
(1625, 'users', 'Logout from scheva', '', '', '2023-11-30 05:43:05', '22', 1),
(1626, 'users', 'Login to scheva', '', '', '2023-11-30 05:45:41', '20', 1),
(1627, 'questions', 'Access menu question', '', '', '2023-11-30 05:47:32', '20', 1),
(1628, 'criterias', 'Access menu criteria', '', '', '2023-11-30 05:47:33', '20', 1),
(1629, 'evaluations', 'Access menu Evaluation', '', '', '2023-11-30 05:47:34', '20', 1),
(1630, 'evaluations', 'View Evaluation', '', '41', '2023-11-30 05:47:42', '20', 1),
(1631, 'users', 'Access menu users', '', '', '2023-11-30 05:50:13', '20', 1),
(1632, 'schools', 'Access menu school', '', '', '2023-11-30 05:50:14', '20', 1),
(1633, 'criterias', 'Access menu criteria', '', '', '2023-11-30 05:50:17', '20', 1),
(1634, 'questions', 'Access menu question', '', '', '2023-11-30 05:50:18', '20', 1),
(1635, 'evaluations', 'Access menu Evaluation', '', '', '2023-11-30 05:50:19', '20', 1),
(1636, 'evaluations', 'Access menu Evaluation', '', '', '2023-11-30 05:54:24', '20', 1),
(1637, 'questions', 'Access menu question', '', '', '2023-11-30 05:55:19', '20', 1),
(1638, 'users', 'Access profile page', '', '', '2023-11-30 05:55:28', '20', 1),
(1639, 'questions', 'Access menu question', '', '', '2023-11-30 05:55:41', '20', 1),
(1640, 'evaluations', 'Access menu Evaluation', '', '', '2023-11-30 05:55:43', '20', 1),
(1641, 'users', 'Logout from scheva', '', '', '2023-11-30 05:55:51', '20', 1),
(1642, 'users', 'Login to scheva', '', '', '2023-11-30 05:55:57', '20', 1),
(1643, 'users', 'Logout from scheva', '', '', '2023-11-30 05:56:29', '20', 1),
(1644, 'users', 'Login to scheva', '', '', '2023-11-30 05:56:49', '20', 1),
(1645, 'evaluations', 'Access menu Evaluation', '', '', '2023-11-30 06:00:27', '20', 1),
(1646, 'evaluations', 'Access menu Evaluation', '', '', '2023-11-30 06:07:16', '20', 1),
(1647, 'evaluations', 'View Evaluation', '', '48', '2023-11-30 06:07:19', '20', 1),
(1648, 'evaluations', 'Access menu Evaluation', '', '', '2023-11-30 06:07:38', '20', 1),
(1649, 'questions', 'Access menu question', '', '', '2023-11-30 06:07:40', '20', 1),
(1650, 'users', 'Access menu users', '', '', '2023-11-30 06:07:42', '20', 1),
(1651, 'schools', 'Access menu school', '', '', '2023-11-30 06:07:43', '20', 1),
(1652, 'schools', 'Access form edit school', '', '13', '2023-11-30 06:07:56', '20', 1),
(1653, 'schools', 'Access form edit school', '', '13', '2023-11-30 06:08:07', '20', 1),
(1654, 'schools', 'Update data school', '', '13', '2023-11-30 06:08:20', '20', 1),
(1655, 'schools', 'Access menu school', '', '', '2023-11-30 06:08:20', '20', 1),
(1656, 'users', 'Logout from scheva', '', '', '2023-11-30 06:08:26', '20', 1),
(1657, 'users', 'Login to scheva', '', '', '2023-11-30 06:08:33', '23', 1),
(1658, 'evaluations', 'Access menu Evaluation', '', '', '2023-11-30 06:08:42', '23', 1),
(1659, 'evaluations', 'Access form Evaluation', '', '', '2023-11-30 06:08:43', '23', 1),
(1660, 'evaluations', 'Access form Evaluation', '', '', '2023-11-30 06:09:14', '23', 1),
(1661, 'evaluations', 'Access form Evaluation', '', '', '2023-11-30 06:09:33', '23', 1),
(1662, 'evaluations', 'Access form Evaluation', '', '', '2023-11-30 06:09:40', '23', 1),
(1663, 'evaluations', 'Submit Evaluation', '', '49', '2023-11-30 06:09:58', '23', 1),
(1664, 'evaluations', 'Access menu Evaluation', '', '', '2023-11-30 06:09:58', '23', 1),
(1665, 'evaluations', 'View Evaluation', '', '49', '2023-11-30 06:10:00', '23', 1),
(1666, 'users', 'Logout from scheva', '', '', '2023-11-30 06:12:05', '23', 1),
(1667, 'users', 'Login to scheva', '', '', '2023-11-30 06:12:59', '17', 1),
(1668, 'users', 'Logout from scheva', '', '', '2023-11-30 06:13:35', '17', 1),
(1669, 'users', 'Login to scheva', '', '', '2023-11-30 06:38:26', '20', 1),
(1670, 'users', 'Logout from scheva', '', '', '2023-11-30 06:42:14', '20', 1),
(1671, 'users', 'Login to scheva', '', '', '2023-11-30 06:42:20', '20', 1),
(1672, 'evaluations', 'View Evaluation', '', '41', '2023-11-30 06:48:41', '20', 1),
(1673, 'users', 'Logout from scheva', '', '', '2023-11-30 06:48:50', '20', 1),
(1674, 'users', 'Login to scheva', '', '', '2023-11-30 06:49:05', '6', 1),
(1675, 'evaluations', 'Access menu Evaluation', '', '', '2023-11-30 06:49:20', '6', 1),
(1676, 'evaluations', 'View Evaluation', '', '41', '2023-11-30 06:49:23', '6', 1),
(1677, 'evaluations', 'Access menu Evaluation', '', '', '2023-11-30 06:49:44', '6', 1),
(1678, 'schools', 'Access menu school', '', '', '2023-11-30 06:52:16', '6', 1),
(1679, 'evaluations', 'Access menu Evaluation', '', '', '2023-11-30 06:52:16', '6', 1),
(1680, 'users', 'Access profile page', '', '', '2023-11-30 06:52:22', '6', 1),
(1681, 'users', 'Logout from scheva', '', '', '2023-11-30 06:52:28', '6', 1),
(1682, 'users', 'Login to scheva', '', '', '2023-11-30 07:06:59', '20', 1),
(1683, 'evaluations', 'View Evaluation', '', '43', '2023-11-30 07:07:29', '20', 1),
(1684, 'users', 'Access menu users', '', '', '2023-11-30 07:07:50', '20', 1),
(1685, 'schools', 'Access menu school', '', '', '2023-11-30 07:07:53', '20', 1),
(1686, 'schools', 'View data school', '', '1', '2023-11-30 07:07:56', '20', 1),
(1687, 'evaluations', 'View Evaluation', '', '41', '2023-11-30 07:08:01', '20', 1),
(1688, 'questions', 'Access menu question', '', '', '2023-11-30 07:08:07', '20', 1),
(1689, 'questions', 'View data question', '', '26', '2023-11-30 07:08:08', '20', 1),
(1690, 'questions', 'Access form question', '', '', '2023-11-30 07:08:13', '20', 1),
(1691, 'users', 'Access profile page', '', '', '2023-11-30 07:08:18', '20', 1),
(1692, 'users', 'Logout from scheva', '', '', '2023-11-30 07:08:23', '20', 1),
(1693, 'users', 'Login to scheva', '', '', '2023-11-30 07:14:03', '17', 1),
(1694, 'users', 'Logout from scheva', '', '', '2023-11-30 07:14:08', '17', 1),
(1695, 'users', 'Login to scheva', '', '', '2023-11-30 07:14:23', '135', 1),
(1696, 'users', 'Login to scheva', '', '', '2023-11-30 07:19:58', '20', 1),
(1697, 'users', 'Access menu users', '', '', '2023-11-30 07:20:16', '20', 1),
(1698, 'schools', 'Access menu school', '', '', '2023-11-30 07:20:18', '20', 1),
(1699, 'users', 'Access profile page', '', '', '2023-11-30 07:22:42', '20', 1),
(1700, 'evaluations', 'Access menu Evaluation', '', '', '2023-11-30 07:22:44', '20', 1),
(1701, 'evaluations', 'View Evaluation', '', '49', '2023-11-30 07:22:49', '20', 1),
(1702, 'users', 'Access menu users', '', '', '2023-11-30 07:22:59', '20', 1),
(1703, 'users', 'Logout from scheva', '', '', '2023-11-30 07:23:04', '20', 1),
(1704, 'users', 'Login to scheva', '', '', '2023-11-30 07:23:12', '23', 1),
(1705, 'schools', 'Access menu school', '', '', '2023-11-30 07:23:23', '23', 1),
(1706, 'evaluations', 'Access menu Evaluation', '', '', '2023-11-30 07:23:24', '23', 1),
(1707, 'evaluations', 'View Evaluation', '', '49', '2023-11-30 07:23:26', '23', 1),
(1708, 'evaluations', 'Access menu Evaluation', '', '', '2023-11-30 07:23:32', '23', 1),
(1709, 'evaluations', 'Access form Evaluation', '', '', '2023-11-30 07:23:33', '23', 1),
(1710, 'evaluations', 'Access menu Evaluation', '', '', '2023-11-30 07:24:10', '23', 1),
(1711, 'evaluations', 'Access menu Evaluation', '', '', '2023-11-30 07:24:14', '23', 1),
(1712, 'schools', 'Access menu school', '', '', '2023-11-30 07:24:28', '23', 1),
(1713, 'schools', 'Access menu school', '', '', '2023-11-30 07:43:42', '23', 1),
(1714, 'evaluations', 'Access menu Evaluation', '', '', '2023-11-30 07:43:43', '23', 1),
(1715, 'schools', 'Access menu school', '', '', '2023-11-30 07:44:23', '23', 1),
(1716, 'evaluations', 'Access menu Evaluation', '', '', '2023-11-30 07:44:25', '23', 1),
(1717, 'users', 'Login to scheva', '', '', '2023-11-30 07:45:18', '20', 1),
(1718, 'evaluations', 'View Evaluation', '', '43', '2023-11-30 07:45:34', '20', 1),
(1719, 'evaluations', 'Access menu Evaluation', '', '', '2023-11-30 07:45:38', '20', 1),
(1720, 'evaluations', 'View Evaluation', '', '49', '2023-11-30 07:45:43', '20', 1),
(1721, 'users', 'Access menu users', '', '', '2023-11-30 07:46:14', '20', 1),
(1722, 'questions', 'Access menu question', '', '', '2023-11-30 07:46:18', '20', 1),
(1723, 'evaluations', 'Access menu Evaluation', '', '', '2023-11-30 07:46:19', '20', 1),
(1724, 'users', 'Logout from scheva', '', '', '2023-11-30 07:46:27', '20', 1),
(1725, 'users', 'Login to scheva', '', '', '2023-12-02 07:00:42', '6', 1),
(1726, 'evaluations', 'Access menu Evaluation', '', '', '2023-12-02 07:00:44', '6', 1),
(1727, 'evaluations', 'Access form Evaluation', '', '', '2023-12-02 07:00:46', '6', 1),
(1728, 'evaluations', 'Access menu Evaluation', '', '', '2023-12-02 07:00:54', '6', 1),
(1729, 'schools', 'Access menu school', '', '', '2023-12-02 07:02:40', '6', 1),
(1730, 'evaluations', 'Access menu Evaluation', '', '', '2023-12-02 07:02:41', '6', 1),
(1731, 'users', 'Logout from scheva', '', '', '2023-12-02 07:02:48', '6', 1),
(1732, 'users', 'Login to scheva', '', '', '2023-12-02 07:06:10', '6', 1),
(1733, 'evaluations', 'Access menu Evaluation', '', '', '2023-12-02 07:11:26', '6', 1),
(1734, 'evaluations', 'Access form Evaluation', '', '', '2023-12-02 07:11:31', '6', 1),
(1735, 'evaluations', 'Access menu Evaluation', '', '', '2023-12-02 07:11:54', '6', 1),
(1736, 'evaluations', 'View Evaluation', '', '39', '2023-12-02 07:11:55', '6', 1),
(1737, 'schools', 'Access menu school', '', '', '2023-12-02 07:12:25', '6', 1),
(1738, 'schools', 'Access form edit school', '', '1', '2023-12-02 07:12:29', '6', 1),
(1739, 'schools', 'Access menu school', '', '', '2023-12-02 07:12:41', '6', 1),
(1740, 'users', 'Logout from scheva', '', '', '2023-12-02 07:12:48', '6', 1),
(1741, 'users', 'Login to scheva', '', '', '2023-12-02 07:12:57', '17', 1),
(1742, 'schools', 'Access menu school', '', '', '2023-12-02 07:13:13', '17', 1),
(1743, 'schools', 'Access menu school', '', '', '2023-12-02 07:14:16', '17', 1),
(1744, 'schools', 'View data school', '', '9', '2023-12-02 07:14:27', '17', 1),
(1745, 'schools', 'View data school', '', '1', '2023-12-02 07:14:31', '17', 1),
(1746, 'users', 'Logout from scheva', '', '', '2023-12-02 07:14:44', '17', 1),
(1747, 'users', 'Login to scheva', '', '', '2023-12-02 07:17:21', '6', 1),
(1748, 'users', 'Logout from scheva', '', '', '2023-12-02 07:17:52', '6', 1),
(1749, 'users', 'Login to scheva', '', '', '2023-12-02 07:18:02', '6', 1),
(1750, 'users', 'Logout from scheva', '', '', '2023-12-02 07:21:16', '6', 1),
(1751, 'users', 'Login to scheva', '', '', '2023-12-02 07:21:26', '6', 1),
(1752, 'evaluations', 'Access menu Evaluation', '', '', '2023-12-02 07:21:45', '6', 1),
(1753, 'evaluations', 'Access form Evaluation', '', '', '2023-12-02 07:21:47', '6', 1),
(1754, 'evaluations', 'Submit Evaluation', '', '50', '2023-12-02 07:22:07', '6', 1),
(1755, 'evaluations', 'Access menu Evaluation', '', '', '2023-12-02 07:22:07', '6', 1),
(1756, 'users', 'Logout from scheva', '', '', '2023-12-02 07:22:49', '6', 1),
(1757, 'users', 'Login to scheva', '', '', '2023-12-02 07:23:06', '6', 1),
(1758, 'users', 'Logout from scheva', '', '', '2023-12-02 07:24:03', '6', 1),
(1759, 'users', 'Login to scheva', '', '', '2023-12-02 07:24:12', '17', 1),
(1760, 'evaluations', 'View Evaluation', '', '50', '2023-12-02 07:24:21', '17', 1),
(1761, 'evaluations', 'Access menu Evaluation', '', '', '2023-12-02 07:26:38', '17', 1),
(1762, 'users', 'Logout from scheva', '', '', '2023-12-02 07:29:55', '17', 1),
(1763, 'users', 'Login to scheva', '', '', '2023-12-02 07:34:38', '20', 1),
(1764, 'users', 'Access menu users', '', '', '2023-12-02 07:34:48', '20', 1),
(1765, 'evaluations', 'Access menu Evaluation', '', '', '2023-12-02 07:34:52', '20', 1),
(1766, 'evaluations', 'Access menu Evaluation', '', '', '2023-12-02 07:35:32', '20', 1),
(1767, 'evaluations', 'Access menu Evaluation', '', '', '2023-12-02 07:35:39', '20', 1),
(1768, 'evaluations', 'Access menu Evaluation', '', '', '2023-12-02 07:35:48', '20', 1),
(1769, 'evaluations', 'Access menu Evaluation', '', '', '2023-12-02 07:35:54', '20', 1),
(1770, 'evaluations', 'Access menu Evaluation', '', '', '2023-12-02 07:36:06', '20', 1),
(1771, 'evaluations', 'Access menu Evaluation', '', '', '2023-12-02 07:36:12', '20', 1),
(1772, 'evaluations', 'Access menu Evaluation', '', '', '2023-12-02 07:36:24', '20', 1),
(1773, 'evaluations', 'Access menu Evaluation', '', '', '2023-12-02 07:36:59', '20', 1),
(1774, 'evaluations', 'Access menu Evaluation', '', '', '2023-12-02 07:37:08', '20', 1),
(1775, 'evaluations', 'Access menu Evaluation', '', '', '2023-12-02 07:37:31', '20', 1),
(1776, 'evaluations', 'Access menu Evaluation', '', '', '2023-12-02 07:38:52', '20', 1),
(1777, 'evaluations', 'Access menu Evaluation', '', '', '2023-12-02 07:40:48', '20', 1),
(1778, 'evaluations', 'Access menu Evaluation', '', '', '2023-12-02 07:40:59', '20', 1),
(1779, 'evaluations', 'Access menu Evaluation', '', '', '2023-12-02 07:41:39', '20', 1),
(1780, 'users', 'Logout from scheva', '', '', '2023-12-02 07:41:52', '20', 1),
(1781, 'users', 'Login to scheva', '', '', '2023-12-02 07:42:06', '6', 1),
(1782, 'evaluations', 'Access menu Evaluation', '', '', '2023-12-02 07:42:13', '6', 1),
(1783, 'evaluations', 'Access form Evaluation', '', '', '2023-12-02 07:42:16', '6', 1),
(1784, 'evaluations', 'Access form Evaluation', '', '', '2023-12-02 07:42:42', '6', 1),
(1785, 'evaluations', 'Access form Evaluation', '', '', '2023-12-02 07:42:51', '6', 1),
(1786, 'evaluations', 'Access form Evaluation', '', '', '2023-12-02 07:43:19', '6', 1),
(1787, 'evaluations', 'Access form Evaluation', '', '', '2023-12-02 07:43:29', '6', 1),
(1788, 'evaluations', 'Access form Evaluation', '', '', '2023-12-02 07:44:15', '6', 1),
(1789, 'evaluations', 'Access form Evaluation', '', '', '2023-12-02 07:44:25', '6', 1),
(1790, 'evaluations', 'Access form Evaluation', '', '', '2023-12-02 07:45:00', '6', 1),
(1791, 'evaluations', 'Access form Evaluation', '', '', '2023-12-02 07:45:11', '6', 1),
(1792, 'evaluations', 'Access form Evaluation', '', '', '2023-12-02 07:45:33', '6', 1);

-- --------------------------------------------------------

--
-- Table structure for table `migrations`
--

CREATE TABLE `migrations` (
  `id` bigint(20) UNSIGNED NOT NULL,
  `version` varchar(255) NOT NULL,
  `class` varchar(255) NOT NULL,
  `group` varchar(255) NOT NULL,
  `namespace` varchar(255) NOT NULL,
  `time` int(11) NOT NULL,
  `batch` int(11) UNSIGNED NOT NULL
) ENGINE=InnoDB DEFAULT CHARSET=utf8 COLLATE=utf8_general_ci;

--
-- Dumping data for table `migrations`
--

INSERT INTO `migrations` (`id`, `version`, `class`, `group`, `namespace`, `time`, `batch`) VALUES
(1, '2023-11-08-135556', 'App\\Database\\Migrations\\Users', 'default', 'App', 1699454366, 1),
(2, '2023-11-08-140007', 'App\\Database\\Migrations\\Levels', 'default', 'App', 1699454366, 1),
(3, '2023-11-08-140101', 'App\\Database\\Migrations\\Schools', 'default', 'App', 1699454366, 1),
(4, '2023-11-08-140258', 'App\\Database\\Migrations\\Questions', 'default', 'App', 1699454366, 1),
(5, '2023-11-08-140343', 'App\\Database\\Migrations\\Options', 'default', 'App', 1699454366, 1),
(6, '2023-11-08-140544', 'App\\Database\\Migrations\\Evaluations', 'default', 'App', 1699454366, 1),
(7, '2023-11-08-140821', 'App\\Database\\Migrations\\EvaluationDetails', 'default', 'App', 1699454366, 1),
(8, '2023-11-08-140939', 'App\\Database\\Migrations\\Criterias', 'default', 'App', 1699454366, 1),
(9, '2023-11-08-141059', 'App\\Database\\Migrations\\Bookmarks', 'default', 'App', 1699454366, 1);

-- --------------------------------------------------------

--
-- Table structure for table `options`
--

CREATE TABLE `options` (
  `id` int(5) UNSIGNED NOT NULL,
  `question_id` int(5) NOT NULL,
  `option` varchar(255) NOT NULL,
  `score` int(11) NOT NULL,
  `notes` text NOT NULL
) ENGINE=InnoDB DEFAULT CHARSET=utf8 COLLATE=utf8_general_ci;

--
-- Dumping data for table `options`
--

INSERT INTO `options` (`id`, `question_id`, `option`, `score`, `notes`) VALUES
(95, 24, '0 - 2', 2, '<p class=\"MsoNormal\" style=\"margin: 0cm 0cm 10pt; line-height: 16.8667px; font-size: 11pt; font-family: Calibri, sans-serif;\"><span lang=\"IN\">Perlu pembinaan ,pembimbingan, dan pelatihan oleh pengawas sekolah dalam hal:</span></p><p class=\"MsoNormal\" style=\"margin: 0cm 0cm 10pt; line-height: 16.8667px; font-size: 11pt; font-family: Calibri, sans-serif;\"><span lang=\"IN\">-Bertindak sesuai dengan norma agama, hukum, sosial dan kebudayaan nasional;<o:p></o:p></span></p><p class=\"MsoNormal\" style=\"margin: 0cm 0cm 10pt; line-height: 16.8667px; font-size: 11pt; font-family: Calibri, sans-serif;\"><span lang=\"IN\">- Menunjukkan pribadi yang dewasa dan teladan;<o:p></o:p></span></p><p class=\"MsoNormal\" style=\"margin: 0cm 0cm 10pt; line-height: 16.8667px; font-size: 11pt; font-family: Calibri, sans-serif;\"><span lang=\"IN\">-Etos kerja, tanggung jawab yang tinggi, rasa bangga menjadi guru<o:p></o:p></span></p>'),
(96, 24, '2,1 - 3', 3, '<p class=\"MsoNormal\" style=\"margin: 0cm 0cm 10pt; line-height: 16.8667px; font-size: 11pt; font-family: Calibri, sans-serif;\"><span lang=\"IN\">Perlu pembimbingan,&nbsp;&nbsp; pendampingan dan pelatihan oleh pengawas sekolah dalam hal:<o:p></o:p></span></p><p class=\"MsoNormal\" style=\"margin: 0cm 0cm 10pt; line-height: 16.8667px; font-size: 11pt; font-family: Calibri, sans-serif;\"><span lang=\"IN\">Bertindak sesuai dengan norma agama, hukum, sosial dan kebudayaan nasional;<o:p></o:p></span></p><p class=\"MsoNormal\" style=\"margin: 0cm 0cm 10pt; line-height: 16.8667px; font-size: 11pt; font-family: Calibri, sans-serif;\"><span lang=\"IN\">- Menunjukkan pribadi yang dewasa dan teladan;<o:p></o:p></span></p><p><span lang=\"IN\" style=\"font-size: 11pt; line-height: 16.8667px; font-family: Calibri, sans-serif;\">-Etos kerja, tanggung jawab yang tinggi, rasa bangga menjadi guru</span><span style=\"font-size: medium;\"></span><br></p>'),
(97, 24, '3,1 - 4', 4, '<p class=\"MsoNormal\" style=\"margin: 0cm 0cm 10pt; line-height: 16.8667px; font-size: 11pt; font-family: Calibri, sans-serif;\"><span lang=\"IN\">Perlu pendampingan dan pelatihan oleh pengawas sekolah dalam hal:</span></p><p class=\"MsoNormal\" style=\"margin: 0cm 0cm 10pt; line-height: 16.8667px; font-size: 11pt; font-family: Calibri, sans-serif;\"><span lang=\"IN\">-Bertindak sesuai dengan norma agama, hukum, sosial dan kebudayaan nasional;<o:p></o:p></span></p><p class=\"MsoNormal\" style=\"margin: 0cm 0cm 10pt; line-height: 16.8667px; font-size: 11pt; font-family: Calibri, sans-serif;\"><span lang=\"IN\">- Menunjukkan pribadi yang dewasa dan teladan;<o:p></o:p></span></p><p><span lang=\"IN\" style=\"font-size: 11pt; line-height: 16.8667px; font-family: Calibri, sans-serif;\">-Etos kerja, tanggung jawab yang tinggi, rasa bangga menjadi guru</span><span style=\"font-size: medium;\"></span><br></p>'),
(98, 25, '0 - 2', 2, '<p class=\"p1\" style=\"margin-bottom: 0px; font-variant-numeric: normal; font-variant-east-asian: normal; font-variant-alternates: normal; font-kerning: auto; font-optical-sizing: auto; font-feature-settings: normal; font-variation-settings: normal; font-variant-position: normal; font-stretch: normal; font-size: 13px; line-height: normal; font-family: &quot;Helvetica Neue&quot;;\">Perlu pembinaan ,pembimbingan, dan pelatihan oleh pengawas sekolah dalam hal:</p><p class=\"p1\" style=\"margin-bottom: 0px; font-variant-numeric: normal; font-variant-east-asian: normal; font-variant-alternates: normal; font-kerning: auto; font-optical-sizing: auto; font-feature-settings: normal; font-variation-settings: normal; font-variant-position: normal; font-stretch: normal; font-size: 13px; line-height: normal; font-family: &quot;Helvetica Neue&quot;;\">- Bersikap inklusif, bertindak obyektif, serta tidak diskriminatif;</p><p class=\"p1\" style=\"margin-bottom: 0px; font-variant-numeric: normal; font-variant-east-asian: normal; font-variant-alternates: normal; font-kerning: auto; font-optical-sizing: auto; font-feature-settings: normal; font-variation-settings: normal; font-variant-position: normal; font-stretch: normal; font-size: 13px; line-height: normal; font-family: &quot;Helvetica Neue&quot;;\">- Komunikasi dengan sesama guru, tenaga kependidikan, orang tua, peserta didik, dan masyarakat</p>'),
(99, 25, '2,1 - 3', 3, '<p class=\"p1\" style=\"margin-bottom: 0px; font-variant-numeric: normal; font-variant-east-asian: normal; font-variant-alternates: normal; font-kerning: auto; font-optical-sizing: auto; font-feature-settings: normal; font-variation-settings: normal; font-variant-position: normal; font-stretch: normal; font-size: 13px; line-height: normal; font-family: &quot;Helvetica Neue&quot;;\">Perlu pembimbingan,&nbsp;&nbsp; pendampingan dan pelatihan oleh pengawas sekolah dalam hal:<span class=\"Apple-converted-space\">&nbsp;</span></p><ul class=\"ul1\" style=\"list-style-type: &quot;—&nbsp;&nbsp;&quot;; font-size: medium;\"><li class=\"li1\" style=\"font-variant-numeric: normal; font-variant-east-asian: normal; font-variant-alternates: normal; font-kerning: auto; font-optical-sizing: auto; font-feature-settings: normal; font-variation-settings: normal; font-variant-position: normal; font-stretch: normal; font-size: 13px; line-height: normal; font-family: &quot;Helvetica Neue&quot;;\"><span class=\"s1\" style=\"font-variant-numeric: normal; font-variant-east-asian: normal; font-variant-alternates: normal; font-kerning: auto; font-optical-sizing: auto; font-feature-settings: normal; font-variation-settings: normal; font-variant-position: normal; font-stretch: normal; font-size: 12px; line-height: normal;\"></span>- Bersikap inklusif, bertindak obyektif, serta tidak diskriminatif;</li><li class=\"li1\" style=\"font-variant-numeric: normal; font-variant-east-asian: normal; font-variant-alternates: normal; font-kerning: auto; font-optical-sizing: auto; font-feature-settings: normal; font-variation-settings: normal; font-variant-position: normal; font-stretch: normal; font-size: 13px; line-height: normal; font-family: &quot;Helvetica Neue&quot;;\"><span class=\"s1\" style=\"font-variant-numeric: normal; font-variant-east-asian: normal; font-variant-alternates: normal; font-kerning: auto; font-optical-sizing: auto; font-feature-settings: normal; font-variation-settings: normal; font-variant-position: normal; font-stretch: normal; font-size: 12px; line-height: normal;\"></span>- Komunikasi dengan sesama guru, tenaga kependidikan, orang tua, peserta didik, dan masyarakat<span class=\"Apple-converted-space\">&nbsp;</span></li></ul>'),
(100, 25, '3,1 - 4', 4, '<p class=\"p1\" style=\"margin-bottom: 0px; font-variant-numeric: normal; font-variant-east-asian: normal; font-variant-alternates: normal; font-kerning: auto; font-optical-sizing: auto; font-feature-settings: normal; font-variation-settings: normal; font-variant-position: normal; font-stretch: normal; font-size: 13px; line-height: normal; font-family: &quot;Helvetica Neue&quot;;\">Perlu pendampingan dan pelatihan oleh pengawas sekolah dalam hal:</p><p class=\"p1\" style=\"margin-bottom: 0px; font-variant-numeric: normal; font-variant-east-asian: normal; font-variant-alternates: normal; font-kerning: auto; font-optical-sizing: auto; font-feature-settings: normal; font-variation-settings: normal; font-variant-position: normal; font-stretch: normal; font-size: 13px; line-height: normal; font-family: &quot;Helvetica Neue&quot;;\">- Bersikap inklusif, bertindak obyektif, serta tidak diskriminatif;</p><p class=\"p1\" style=\"margin-bottom: 0px; font-variant-numeric: normal; font-variant-east-asian: normal; font-variant-alternates: normal; font-kerning: auto; font-optical-sizing: auto; font-feature-settings: normal; font-variation-settings: normal; font-variant-position: normal; font-stretch: normal; font-size: 13px; line-height: normal; font-family: &quot;Helvetica Neue&quot;;\">- Komunikasi dengan sesama guru, tenaga kependidikan, orang tua, peserta didik, dan masyaraka<span class=\"Apple-converted-space\">&nbsp;</span></p>'),
(101, 26, '0 - 2', 2, '<p class=\"selectable-text copyable-text iq0m558w g0rxnol2\" dir=\"ltr\"><span class=\"selectable-text copyable-text\">Perlu pembinaan ,pembimbingan, dan pelatihan oleh pengawas sekolah dalam hal:<br></span><span style=\"font-size: 0.875rem;\">- Penguasaan materi, struktur, konsep, pola pikir keilmuan yang mendukung mata pelajaran yang diampu;<br></span><span style=\"font-size: 0.875rem;\">- Mengembangkan keprofesionalan melalui tindakan yang reflektif</span></p>'),
(102, 26, '2,1 - 3', 3, '<p><span class=\"selectable-text copyable-text\">Perlu pembinaan ,pembimbingan, dan pelatihan oleh pengawas sekolah dalam hal:<br></span><span style=\"font-size: 0.875rem;\">- Penguasaan materi, struktur, konsep, pola pikir keilmuan yang mendukung mata pelajaran yang diampu;<br></span><span style=\"font-size: 0.875rem;\">- Mengembangkan keprofesionalan melalui tindakan yang reflektif</span><br></p>'),
(103, 26, '3,1 - 4', 4, '<p><span class=\"selectable-text copyable-text\">Perlu pembinaan ,pembimbingan, dan pelatihan oleh pengawas sekolah dalam hal:<br></span><span style=\"font-size: 0.875rem;\">- Penguasaan materi, struktur, konsep, pola pikir keilmuan yang mendukung mata pelajaran yang diampu;<br></span><span style=\"font-size: 0.875rem;\">- Mengembangkan keprofesionalan melalui tindakan yang reflektif</span><br></p>'),
(108, 23, '0 - 2', 2, '<p class=\"MsoNormal\" style=\"margin: 0cm 0cm 10pt; line-height: 16.8667px; font-size: 11pt; font-family: Calibri, sans-serif;\"><span lang=\"IN\">Perlu pembinaan , pembimbingan, dan pelatihan oleh pengawas sekolah dalam hal:<o:p></o:p></span></p><p class=\"MsoNormal\" style=\"margin: 0cm 0cm 10pt 13.45pt; line-height: 16.8667px; font-size: 11pt; font-family: Calibri, sans-serif; text-indent: -13.45pt;\"><span lang=\"IN\">- Mengenal karakteristik peserta didik;<o:p></o:p></span></p><p class=\"MsoNormal\" style=\"margin: 0cm 0cm 10pt; line-height: 16.8667px; font-size: 11pt; font-family: Calibri, sans-serif;\"><span lang=\"IN\">-Menguasai teori belajar dan prinsip-prinsip pembelajaran yang mendidik;<o:p></o:p></span></p><p class=\"MsoNormal\" style=\"margin: 0cm 0cm 10pt; line-height: 16.8667px; font-size: 11pt; font-family: Calibri, sans-serif;\"><span lang=\"IN\">-Pengembangan kurikulum;<o:p></o:p></span></p><p class=\"MsoNormal\" style=\"margin: 0cm 0cm 10pt; line-height: 16.8667px; font-size: 11pt; font-family: Calibri, sans-serif;\"><span lang=\"IN\">- Kegiatan pembelajaran yang mendidik;<o:p></o:p></span></p><p class=\"MsoNormal\" style=\"margin: 0cm 0cm 10pt; line-height: 16.8667px; font-size: 11pt; font-family: Calibri, sans-serif;\"><span lang=\"IN\">- Pengembangan potensi peserta didik;<o:p></o:p></span></p><p class=\"MsoNormal\" style=\"margin: 0cm 0cm 10pt; line-height: 16.8667px; font-size: 11pt; font-family: Calibri, sans-serif;\"><span lang=\"IN\">- Komunikasi dengan peserta didik;<o:p></o:p></span></p><p><span lang=\"IN\" style=\"font-size: 11pt; line-height: 16.8667px; font-family: Calibri, sans-serif;\">- Penilaian dan evaluasi</span><span style=\"font-size: medium;\"></span><br></p>'),
(109, 23, '2,1 - 3', 3, '<p class=\"MsoNormal\" style=\"margin: 0cm 0cm 10pt; line-height: 16.8667px; font-size: 11pt; font-family: Calibri, sans-serif;\"><span lang=\"IN\">Perlu pembimbingan,   pendampingan dan pelatihan oleh pengawas sekolah dalam hal:</span></p><p class=\"MsoNormal\" style=\"margin: 0cm 0cm 10pt; line-height: 16.8667px; font-size: 11pt; font-family: Calibri, sans-serif;\"><span lang=\"IN\">- Mengenal karakteristik peserta didik;<o:p></o:p></span></p><p class=\"MsoNormal\" style=\"margin: 0cm 0cm 10pt; line-height: 16.8667px; font-size: 11pt; font-family: Calibri, sans-serif;\"><span lang=\"IN\">-Menguasai teori belajar dan prinsip-prinsip pembelajaran yang mendidik;<o:p></o:p></span></p><p class=\"MsoNormal\" style=\"margin: 0cm 0cm 10pt; line-height: 16.8667px; font-size: 11pt; font-family: Calibri, sans-serif;\"><span lang=\"IN\">-Pengembangan kurikulum;<o:p></o:p></span></p><p class=\"MsoNormal\" style=\"margin: 0cm 0cm 10pt; line-height: 16.8667px; font-size: 11pt; font-family: Calibri, sans-serif;\"><span lang=\"IN\">- Kegiatan pembelajaran yang mendidik;<o:p></o:p></span></p><p class=\"MsoNormal\" style=\"margin: 0cm 0cm 10pt; line-height: 16.8667px; font-size: 11pt; font-family: Calibri, sans-serif;\"><span lang=\"IN\">- Pengembangan potensi peserta didik;<o:p></o:p></span></p><p class=\"MsoNormal\" style=\"margin: 0cm 0cm 10pt; line-height: 16.8667px; font-size: 11pt; font-family: Calibri, sans-serif;\"><span lang=\"IN\">- Komunikasi dengan peserta didik;<o:p></o:p></span></p><p class=\"MsoNormal\" style=\"margin: 0cm 0cm 10pt; line-height: 16.8667px; font-size: 11pt; font-family: Calibri, sans-serif;\"><span lang=\"IN\">- Penilaian dan evaluasi<o:p></o:p></span></p>'),
(110, 23, '3,1 - 4', 4, '<p class=\"MsoNormal\" style=\"margin: 0cm 0cm 10pt; line-height: 16.8667px; font-size: 11pt; font-family: Calibri, sans-serif;\"><span lang=\"IN\">Perlu pendampingan dan pelatihan oleh pengawas sekolah dalam hal:</span></p><p class=\"MsoNormal\" style=\"margin: 0cm 0cm 10pt; line-height: 16.8667px; font-size: 11pt; font-family: Calibri, sans-serif;\"><span lang=\"IN\">- Mengenal karakteristik peserta didik;<o:p></o:p></span></p><p class=\"MsoNormal\" style=\"margin: 0cm 0cm 10pt; line-height: 16.8667px; font-size: 11pt; font-family: Calibri, sans-serif;\"><span lang=\"IN\">-Menguasai teori belajar dan prinsip-prinsip pembelajaran yang mendidik;<o:p></o:p></span></p><p class=\"MsoNormal\" style=\"margin: 0cm 0cm 10pt; line-height: 16.8667px; font-size: 11pt; font-family: Calibri, sans-serif;\"><span lang=\"IN\">-Pengembangan kurikulum;<o:p></o:p></span></p><p class=\"MsoNormal\" style=\"margin: 0cm 0cm 10pt; line-height: 16.8667px; font-size: 11pt; font-family: Calibri, sans-serif;\"><span lang=\"IN\">- Kegiatan pembelajaran yang mendidik;<o:p></o:p></span></p><p class=\"MsoNormal\" style=\"margin: 0cm 0cm 10pt; line-height: 16.8667px; font-size: 11pt; font-family: Calibri, sans-serif;\"><span lang=\"IN\">- Pengembangan potensi peserta didik;<o:p></o:p></span></p><p class=\"MsoNormal\" style=\"margin: 0cm 0cm 10pt; line-height: 16.8667px; font-size: 11pt; font-family: Calibri, sans-serif;\"><span lang=\"IN\">- Komunikasi dengan peserta didik;<o:p></o:p></span></p><p><span lang=\"IN\" style=\"font-size: 11pt; line-height: 16.8667px; font-family: Calibri, sans-serif;\">- Penilaian dan evaluasi</span><span style=\"font-size: medium;\"></span><br></p>');

-- --------------------------------------------------------

--
-- Table structure for table `questions`
--

CREATE TABLE `questions` (
  `id` int(5) UNSIGNED NOT NULL,
  `question` varchar(255) NOT NULL
) ENGINE=InnoDB DEFAULT CHARSET=utf8 COLLATE=utf8_general_ci;

--
-- Dumping data for table `questions`
--

INSERT INTO `questions` (`id`, `question`) VALUES
(23, 'Pedagogik'),
(24, 'Kepribadian'),
(25, 'Sosial'),
(26, 'Profesional');

-- --------------------------------------------------------

--
-- Table structure for table `schools`
--

CREATE TABLE `schools` (
  `id` int(5) UNSIGNED NOT NULL,
  `schoolname` varchar(255) NOT NULL,
  `npsn` varchar(100) NOT NULL DEFAULT '0',
  `address` text DEFAULT NULL,
  `telp` varchar(20) DEFAULT NULL,
  `logo` text DEFAULT NULL
) ENGINE=InnoDB DEFAULT CHARSET=utf8 COLLATE=utf8_general_ci;

--
-- Dumping data for table `schools`
--

INSERT INTO `schools` (`id`, `schoolname`, `npsn`, `address`, `telp`, `logo`) VALUES
(1, 'SMKN 7 Semarang', '345678890', 'Jl. Simpang Lima', '08127283728', 'SMKN 7 Semarang.png'),
(2, 'SMKN 8 Semarang', '123123123', 'Jl. nin aja dulu', '08127283728', ''),
(3, 'SMKN 4 Semarang', '120920192012', 'Jl. santai', '08127283728', 'SMKN 4 Semarang.jpeg'),
(5, 'SMAN 1 Semarang', '990009990', 'Jl. Taman indonesia kaya', '0872651', ''),
(9, 'SMPN 8 Semarang', '9902981728192', 'Jl. Tentara Pelajar', '08726512232', 'SMPN 8 Semarang.png'),
(11, 'testing schools', '0920019900', 'Jl Jalan', '09982918872', ''),
(12, 'SMPN 1 UNGARAN', '1231235678', 'Jl. Ungaran', '21345677', NULL),
(13, 'SMPN 2 UNGARAN', '09982765512', '-', '0', NULL),
(14, 'SMPN 3 UNGARAN', '0', NULL, NULL, NULL),
(15, 'SMPN 4 UNGARAN', '0', NULL, NULL, NULL),
(16, 'SMPN 5 UNGARAN', '0', NULL, NULL, NULL),
(17, 'SMPN 6 UNGARAN', '0', NULL, NULL, NULL),
(18, 'SMPIT MIFTAHUL ULUM UNGARAN', '0', NULL, NULL, NULL),
(19, 'MUHAMMADIYAH UNGARAN', '0', NULL, NULL, NULL),
(20, 'SMP KANAAN UNGARAN', '0', NULL, NULL, NULL),
(21, 'SMP PGRI UNGARAN', '0', NULL, NULL, NULL),
(22, 'SMP DAARUL QUR`AN UNGARAN', '0', NULL, NULL, NULL),
(23, 'SMP ISLAM UNGARAN', '0', NULL, NULL, NULL),
(24, 'SMP MARDI RAHAYU UNGARAN', '0', NULL, NULL, NULL),
(25, 'SMPIP ASSALAMAH UNGARAN', '0', NULL, NULL, NULL),
(26, 'SMP ANNUR UNGARAN', '0', NULL, NULL, NULL),
(27, 'SMP ALAM UNGARAN', '0', NULL, NULL, NULL),
(28, 'SMPN 1 PRINGAPUS', '0', NULL, NULL, NULL),
(29, 'SMPN 2 PRINGAPUS', '0', NULL, NULL, NULL),
(30, 'SMPN 3 PRINGAPUS', '0', NULL, NULL, NULL),
(31, 'SMP ISLAM AL-HIDAYAAT  PRINGAPUS', '0', NULL, NULL, NULL),
(32, 'SMPN 1 BERGAS', '0', NULL, NULL, NULL),
(33, 'SMPN 2 BERGAS', '0', NULL, NULL, NULL),
(34, 'SMP DARUSSALAM BERGAS', '0', NULL, NULL, NULL),
(35, 'SMP PGRI BERGAS', '0', NULL, NULL, NULL),
(36, 'SMP KANISIUS GIRISONTA BERGAS', '0', NULL, NULL, NULL),
(37, 'SMP ISLAM TERPADU CAHAYA UMMAT BERGAS', '0', NULL, NULL, NULL),
(38, 'SMPN 1 BANDUNGAN ', '0', NULL, NULL, NULL),
(39, 'SMPN 2 BANDUNGAN SATAP', '0', NULL, NULL, NULL),
(40, 'SMPIT ASSALAM BANDUNGAN', '0', NULL, NULL, NULL),
(41, 'SMPIT ALFALAH BANDUNGAN', '0', NULL, NULL, NULL),
(42, 'SMP MAS`UDIYYAH BANDUNGAN', '0', NULL, NULL, NULL),
(43, 'SMP ISLAM SUDIRMAN BANYUBIRU', '0', NULL, NULL, NULL),
(44, 'SMPN 1 BAWEN', '0', NULL, NULL, NULL),
(45, 'SMPN 2 BAWEN', '0', NULL, NULL, NULL),
(46, 'SMP DARULFIKRI BAWEN', '0', NULL, NULL, NULL),
(47, 'SMPIP ATTOHARI TUNTANG', '0', NULL, NULL, NULL),
(48, 'SMPN 1 TUNTANG', '0', NULL, NULL, NULL),
(49, 'SMPN 2 TUNTANG', '0', NULL, NULL, NULL),
(50, 'SMPN 3 TUNTANG', '0', NULL, NULL, NULL),
(51, 'SMP NUSANTARA TUNTANG', '0', NULL, NULL, NULL),
(52, 'SMP PANGUDI LUHUR  TUNTANG', '0', NULL, NULL, NULL),
(53, 'SMPN 1 BRINGIN', '0', NULL, NULL, NULL),
(54, 'SMPN 2 BRINGIN', '0', NULL, NULL, NULL),
(55, 'SMPN 3 BRINGIN', '0', NULL, NULL, NULL),
(56, 'SMP PLUS AL-ITTIHAD PONCOL BRINGIN', '0', NULL, NULL, NULL),
(57, 'SMPN1 SUMOWONO', '0', NULL, NULL, NULL),
(58, 'SMPN 2  SUMOWONO', '0', NULL, NULL, NULL),
(59, 'SMP ISLAM SUDIRMAN SUMOWONO', '0', NULL, NULL, NULL),
(60, 'SMPTHERESIANA SUMOWONO', '0', NULL, NULL, NULL),
(61, 'SMPN 1 AMBARAWA', '0', NULL, NULL, NULL),
(62, 'SMPN 2 AMBARAWA', '0', NULL, NULL, NULL),
(63, 'SMPN 3 AMBARAWA', '0', NULL, NULL, NULL),
(64, 'SMPN 4 AMBARAWA', '0', NULL, NULL, NULL),
(65, 'SMPN 5 AMBARAWA', '0', NULL, NULL, NULL),
(66, 'SMPN 6 AMBARAWA SATAP', '0', NULL, NULL, NULL),
(67, 'SMP ISLAM SUDIRMAN AMBARAWA', '0', NULL, NULL, NULL),
(68, 'SMP MATER ALMA AMBARAWA', '0', NULL, NULL, NULL),
(69, 'SMP MUHAMMADIYAH AMBARAWA', '0', NULL, NULL, NULL),
(70, 'SMP KRISTEN LENTERA AMBARAWA', '0', NULL, NULL, NULL),
(71, 'SMP PANGUDI LUHURAMBARAWA', '0', NULL, NULL, NULL),
(72, 'SMPN 1 JAMBU', '0', NULL, NULL, NULL),
(73, 'SMPN 2 JAMBU', '0', NULL, NULL, NULL),
(74, 'SMP THERESIANA JAMBU', '0', NULL, NULL, NULL),
(75, 'SMP MUHAMMADIYAH JAMBU', '0', NULL, NULL, NULL),
(76, 'SMPN 1 PABELAN', '0', NULL, NULL, NULL),
(77, 'SMPN 2 PABELAN', '0', NULL, NULL, NULL),
(78, 'SMPN 3 PABELAN', '0', NULL, NULL, NULL),
(79, 'SMP PLUS DAARUL AHGAFF PABELAN', '0', NULL, NULL, NULL),
(80, 'SMPN 1 BANYUBIRU', '0', NULL, NULL, NULL),
(81, 'SMPN 2 BANYUBIRU', '0', NULL, NULL, NULL),
(82, 'SMPN 3 BANYUBIRU', '0', NULL, NULL, NULL),
(83, 'SMP PGRI BANYUBIRU', '0', NULL, NULL, NULL),
(84, 'SMPN 1 SURUH', '0', NULL, NULL, NULL),
(85, 'SMPN 2 SURUH', '0', NULL, NULL, NULL),
(86, 'SMPN 3 SURUH', '0', NULL, NULL, NULL),
(87, 'SMP ISLAM AR- RAHMAH SURUH', '0', NULL, NULL, NULL),
(88, 'SMP NU SURUH', '0', NULL, NULL, NULL),
(89, 'SMP ISLAM SUDIRMAN SURUH', '0', NULL, NULL, NULL),
(90, 'SMP AL ISLAM SURUH', '0', NULL, NULL, NULL),
(91, 'SMP MUHAMMADIYAH SURUH', '0', NULL, NULL, NULL),
(92, 'SMPN 1 BANCAK', '0', NULL, NULL, NULL),
(93, 'SMP ISLAM SUDIRMAN BANCAK', '0', NULL, NULL, NULL),
(94, 'SMPN 1 SUSUKAN', '0', NULL, NULL, NULL),
(95, 'SMPN 2 SUSUKAN', '0', NULL, NULL, NULL),
(96, 'SMP ISLAM SUDIRMAN SUSUKAN', '0', NULL, NULL, NULL),
(97, 'SMP MUHAMMADIYAH SUSUKAN', '0', NULL, NULL, NULL),
(98, 'SMP ISLAM BINA INSANI SUSUKAN', '0', NULL, NULL, NULL),
(99, 'SMPN 1 KALIWUNGU', '0', NULL, NULL, NULL),
(100, 'SMPN 2 KALIWUNGU', '0', NULL, NULL, NULL),
(101, 'SMP KERABAT KALIWUNGU', '0', NULL, NULL, NULL),
(102, 'SMPN 1 TENGARAN', '0', NULL, NULL, NULL),
(103, 'SMPN 2 TENGARAN', '0', NULL, NULL, NULL),
(104, 'SMPN 3 TENGARAN', '0', NULL, NULL, NULL),
(105, 'SMPN 4 TENGARAN SATAP', '0', NULL, NULL, NULL),
(106, 'SMP ISLAM SUDIRMAN TENGARAN', '0', NULL, NULL, NULL),
(107, 'SMPIT NURUL ISLAM TENGARAN', '0', NULL, NULL, NULL),
(108, 'SMP KRISTEN GETASAN', '0', NULL, NULL, NULL),
(109, 'SMPN 1 GETASAN', '0', NULL, NULL, NULL),
(110, 'SMPN 2 GETASAN', '0', NULL, NULL, NULL),
(111, 'SMPN 3 GETASAN', '0', NULL, NULL, NULL),
(112, 'SMP IT IZZATUL ISLAM GETASAN', '0', NULL, NULL, NULL);

-- --------------------------------------------------------

--
-- Table structure for table `users`
--

CREATE TABLE `users` (
  `id` int(5) UNSIGNED NOT NULL,
  `username` varchar(255) NOT NULL,
  `fullname` varchar(100) NOT NULL DEFAULT 'John Doe',
  `nip` text DEFAULT NULL,
  `golongan` varchar(20) DEFAULT NULL,
  `jabatan` varchar(20) DEFAULT NULL,
  `email` varchar(100) DEFAULT NULL,
  `password` text NOT NULL,
  `decrypted_password` text NOT NULL DEFAULT '12345678',
  `level` int(5) NOT NULL,
  `school_id` int(5) NOT NULL DEFAULT 0,
  `first_login` int(11) NOT NULL DEFAULT 1
) ENGINE=InnoDB DEFAULT CHARSET=utf8 COLLATE=utf8_general_ci;

--
-- Dumping data for table `users`
--

INSERT INTO `users` (`id`, `username`, `fullname`, `nip`, `golongan`, `jabatan`, `email`, `password`, `decrypted_password`, `level`, `school_id`, `first_login`) VALUES
(6, 'Kepsek1', 'Joko Santoso', '2147483647', 'Eselon 1', 'Kepala Sekolah', 'jokosantoso@gmail.com', '$2y$10$wrQ/N6sHJrECuscx0/AjKOzGntste/ao/9JuLIM9c9zyKE40.ndOm', '12345678', 2, 1, 1),
(11, 'Pengawas2', 'Santoso Raharjo', '0', '', '', 'santoso@gmail.com', '$2y$10$tMnZryf7wWEwEBVW22XTluW.sqj3i6HT7tr6H/ll6xnJANuYlCjMG', '123456', 1, 0, 1),
(14, 'Kepsek2', 'Mulyanto', '12341234', 'Eselon 3', 'Kepala Sekolah', 'mulyanto@gmail.com', '$2y$10$dEC3KDdSKz9WjSUUvCDJaOC7qmjWfPpaTA6xcvjLGhozKKQRcV4kC', '123123123', 2, 3, 1),
(17, 'Pengawas3', 'Ramos', '0', '', '', 'ramos99@gmail.com', '$2y$10$3XumE39/ULpOPFfOKQtNXuzI29LIpAFhoQ9KJjHJcvpB5g41Ek/ua', '123123123', 1, 0, 1),
(18, 'Pengawas4', 'Sastro Raharjo', '0', '', '', 'sastroraharjo@gmail.com', '$2y$10$kKB2b/QIAUleX0N.8rL10OSszgamPs39Qh4fn3LRnFviHW0AWb8Q.', '123123123', 1, 0, 1),
(20, 'Admin', 'Admin scheva', '0', '', '', 'admin@scheva.com', '$2y$10$OBPnyrUp5936pbGCoz6GzOrta3llBAvI5C1zy1Qg/vjuCBkm0C8f6', '123123123', 3, 0, 1),
(21, 'Kepsek4', 'Siswanto', '1010101010', 'Eselon 3', 'Kepala Sekolah', 'pkkoiuyy@mail.com', '$2y$10$nSfTKsOw97zwnQRj..5NFenbHW1SvuSwGhlCsvUIlOyS3AE6iez3.', '123123123', 2, 2, 1),
(22, 'SMPN 1 UNGARAN', 'SMPN 1 UNGARAN', NULL, NULL, NULL, NULL, '$2y$10$wrQ/N6sHJrECuscx0/AjKOzGntste/ao/9JuLIM9c9zyKE40.ndOm', '12345678', 2, 12, 1),
(23, 'SMPN 2 UNGARAN', 'SMPN 2 UNGARAN', NULL, NULL, NULL, NULL, '$2y$10$wrQ/N6sHJrECuscx0/AjKOzGntste/ao/9JuLIM9c9zyKE40.ndOm', '12345678', 2, 13, 1),
(24, 'SMPN 3 UNGARAN', 'SMPN 3 UNGARAN', NULL, NULL, NULL, NULL, '$2y$10$wrQ/N6sHJrECuscx0/AjKOzGntste/ao/9JuLIM9c9zyKE40.ndOm', '12345678', 2, 14, 1),
(25, 'SMPN 4 UNGARAN', 'SMPN 4 UNGARAN', NULL, NULL, NULL, NULL, '$2y$10$wrQ/N6sHJrECuscx0/AjKOzGntste/ao/9JuLIM9c9zyKE40.ndOm', '12345678', 2, 15, 1),
(26, 'SMPN 5 UNGARAN', 'SMPN 5 UNGARAN', NULL, NULL, NULL, NULL, '$2y$10$wrQ/N6sHJrECuscx0/AjKOzGntste/ao/9JuLIM9c9zyKE40.ndOm', '12345678', 2, 16, 1),
(27, 'SMPN 6 UNGARAN', 'SMPN 6 UNGARAN', NULL, NULL, NULL, NULL, '$2y$10$wrQ/N6sHJrECuscx0/AjKOzGntste/ao/9JuLIM9c9zyKE40.ndOm', '12345678', 2, 17, 1),
(28, 'SMPIT MIFTAHUL ULUM UNGARAN', 'SMPIT MIFTAHUL ULUM UNGARAN', NULL, NULL, NULL, NULL, '$2y$10$wrQ/N6sHJrECuscx0/AjKOzGntste/ao/9JuLIM9c9zyKE40.ndOm', '12345678', 2, 18, 1),
(29, 'MUHAMMADIYAH UNGARAN', 'MUHAMMADIYAH UNGARAN', NULL, NULL, NULL, NULL, '$2y$10$wrQ/N6sHJrECuscx0/AjKOzGntste/ao/9JuLIM9c9zyKE40.ndOm', '12345678', 2, 19, 1),
(30, 'SMP KANAAN UNGARAN', 'SMP KANAAN UNGARAN', NULL, NULL, NULL, NULL, '$2y$10$wrQ/N6sHJrECuscx0/AjKOzGntste/ao/9JuLIM9c9zyKE40.ndOm', '12345678', 2, 20, 1),
(31, 'SMP PGRI UNGARAN', 'SMP PGRI UNGARAN', NULL, NULL, NULL, NULL, '$2y$10$wrQ/N6sHJrECuscx0/AjKOzGntste/ao/9JuLIM9c9zyKE40.ndOm', '12345678', 2, 21, 1),
(32, 'SMP DAARUL QUR`AN UNGARAN', 'SMP DAARUL QUR`AN UNGARAN', NULL, NULL, NULL, NULL, '$2y$10$wrQ/N6sHJrECuscx0/AjKOzGntste/ao/9JuLIM9c9zyKE40.ndOm', '12345678', 2, 22, 1),
(33, 'SMP ISLAM UNGARAN', 'SMP ISLAM UNGARAN', NULL, NULL, NULL, NULL, '$2y$10$wrQ/N6sHJrECuscx0/AjKOzGntste/ao/9JuLIM9c9zyKE40.ndOm', '12345678', 2, 23, 1),
(34, 'SMP MARDI RAHAYU UNGARAN', 'SMP MARDI RAHAYU UNGARAN', NULL, NULL, NULL, NULL, '$2y$10$wrQ/N6sHJrECuscx0/AjKOzGntste/ao/9JuLIM9c9zyKE40.ndOm', '12345678', 2, 24, 1),
(35, 'SMPIP ASSALAMAH UNGARAN', 'SMPIP ASSALAMAH UNGARAN', NULL, NULL, NULL, NULL, '$2y$10$wrQ/N6sHJrECuscx0/AjKOzGntste/ao/9JuLIM9c9zyKE40.ndOm', '12345678', 2, 25, 1),
(36, 'SMP ANNUR UNGARAN', 'SMP ANNUR UNGARAN', NULL, NULL, NULL, NULL, '$2y$10$wrQ/N6sHJrECuscx0/AjKOzGntste/ao/9JuLIM9c9zyKE40.ndOm', '12345678', 2, 26, 1),
(37, 'SMP ALAM UNGARAN', 'SMP ALAM UNGARAN', NULL, NULL, NULL, NULL, '$2y$10$wrQ/N6sHJrECuscx0/AjKOzGntste/ao/9JuLIM9c9zyKE40.ndOm', '12345678', 2, 27, 1),
(38, 'SMPN 1 PRINGAPUS', 'SMPN 1 PRINGAPUS', NULL, NULL, NULL, NULL, '$2y$10$wrQ/N6sHJrECuscx0/AjKOzGntste/ao/9JuLIM9c9zyKE40.ndOm', '12345678', 2, 28, 1),
(39, 'SMPN 2 PRINGAPUS', 'SMPN 2 PRINGAPUS', NULL, NULL, NULL, NULL, '$2y$10$wrQ/N6sHJrECuscx0/AjKOzGntste/ao/9JuLIM9c9zyKE40.ndOm', '12345678', 2, 29, 1),
(40, 'SMPN 3 PRINGAPUS', 'SMPN 3 PRINGAPUS', NULL, NULL, NULL, NULL, '$2y$10$wrQ/N6sHJrECuscx0/AjKOzGntste/ao/9JuLIM9c9zyKE40.ndOm', '12345678', 2, 30, 1),
(41, 'SMP ISLAM AL-HIDAYAAT  PRINGAPUS', 'SMP ISLAM AL-HIDAYAAT  PRINGAPUS', NULL, NULL, NULL, NULL, '$2y$10$wrQ/N6sHJrECuscx0/AjKOzGntste/ao/9JuLIM9c9zyKE40.ndOm', '12345678', 2, 31, 1),
(42, 'SMPN 1 BERGAS', 'SMPN 1 BERGAS', NULL, NULL, NULL, NULL, '$2y$10$wrQ/N6sHJrECuscx0/AjKOzGntste/ao/9JuLIM9c9zyKE40.ndOm', '12345678', 2, 32, 1),
(43, 'SMPN 2 BERGAS', 'SMPN 2 BERGAS', NULL, NULL, NULL, NULL, '$2y$10$wrQ/N6sHJrECuscx0/AjKOzGntste/ao/9JuLIM9c9zyKE40.ndOm', '12345678', 2, 33, 1),
(44, 'SMP DARUSSALAM BERGAS', 'SMP DARUSSALAM BERGAS', NULL, NULL, NULL, NULL, '$2y$10$wrQ/N6sHJrECuscx0/AjKOzGntste/ao/9JuLIM9c9zyKE40.ndOm', '12345678', 2, 34, 1),
(45, 'SMP PGRI BERGAS', 'SMP PGRI BERGAS', NULL, NULL, NULL, NULL, '$2y$10$wrQ/N6sHJrECuscx0/AjKOzGntste/ao/9JuLIM9c9zyKE40.ndOm', '12345678', 2, 35, 1),
(46, 'SMP KANISIUS GIRISONTA BERGAS', 'SMP KANISIUS GIRISONTA BERGAS', NULL, NULL, NULL, NULL, '$2y$10$wrQ/N6sHJrECuscx0/AjKOzGntste/ao/9JuLIM9c9zyKE40.ndOm', '12345678', 2, 36, 1),
(47, 'SMP ISLAM TERPADU CAHAYA UMMAT BERGAS', 'SMP ISLAM TERPADU CAHAYA UMMAT BERGAS', NULL, NULL, NULL, NULL, '$2y$10$wrQ/N6sHJrECuscx0/AjKOzGntste/ao/9JuLIM9c9zyKE40.ndOm', '12345678', 2, 37, 1),
(48, 'SMPN 1 BANDUNGAN ', 'SMPN 1 BANDUNGAN ', NULL, NULL, NULL, NULL, '$2y$10$wrQ/N6sHJrECuscx0/AjKOzGntste/ao/9JuLIM9c9zyKE40.ndOm', '12345678', 2, 38, 1),
(49, 'SMPN 2 BANDUNGAN SATAP', 'SMPN 2 BANDUNGAN SATAP', NULL, NULL, NULL, NULL, '$2y$10$wrQ/N6sHJrECuscx0/AjKOzGntste/ao/9JuLIM9c9zyKE40.ndOm', '12345678', 2, 39, 1),
(50, 'SMPIT ASSALAM BANDUNGAN', 'SMPIT ASSALAM BANDUNGAN', NULL, NULL, NULL, NULL, '$2y$10$wrQ/N6sHJrECuscx0/AjKOzGntste/ao/9JuLIM9c9zyKE40.ndOm', '12345678', 2, 40, 1),
(51, 'SMPIT ALFALAH BANDUNGAN', 'SMPIT ALFALAH BANDUNGAN', NULL, NULL, NULL, NULL, '$2y$10$wrQ/N6sHJrECuscx0/AjKOzGntste/ao/9JuLIM9c9zyKE40.ndOm', '12345678', 2, 41, 1),
(52, 'SMP MAS`UDIYYAH BANDUNGAN', 'SMP MAS`UDIYYAH BANDUNGAN', NULL, NULL, NULL, NULL, '$2y$10$wrQ/N6sHJrECuscx0/AjKOzGntste/ao/9JuLIM9c9zyKE40.ndOm', '12345678', 2, 42, 1),
(53, 'SMP ISLAM SUDIRMAN BANYUBIRU', 'SMP ISLAM SUDIRMAN BANYUBIRU', NULL, NULL, NULL, NULL, '$2y$10$wrQ/N6sHJrECuscx0/AjKOzGntste/ao/9JuLIM9c9zyKE40.ndOm', '12345678', 2, 43, 1),
(54, 'SMPN 1 BAWEN', 'SMPN 1 BAWEN', NULL, NULL, NULL, NULL, '$2y$10$wrQ/N6sHJrECuscx0/AjKOzGntste/ao/9JuLIM9c9zyKE40.ndOm', '12345678', 2, 44, 1),
(55, 'SMPN 2 BAWEN', 'SMPN 2 BAWEN', NULL, NULL, NULL, NULL, '$2y$10$wrQ/N6sHJrECuscx0/AjKOzGntste/ao/9JuLIM9c9zyKE40.ndOm', '12345678', 2, 45, 1),
(56, 'SMP DARULFIKRI BAWEN', 'SMP DARULFIKRI BAWEN', NULL, NULL, NULL, NULL, '$2y$10$wrQ/N6sHJrECuscx0/AjKOzGntste/ao/9JuLIM9c9zyKE40.ndOm', '12345678', 2, 46, 1),
(57, 'SMPIP ATTOHARI TUNTANG', 'SMPIP ATTOHARI TUNTANG', NULL, NULL, NULL, NULL, '$2y$10$wrQ/N6sHJrECuscx0/AjKOzGntste/ao/9JuLIM9c9zyKE40.ndOm', '12345678', 2, 47, 1),
(58, 'SMPN 1 TUNTANG', 'SMPN 1 TUNTANG', NULL, NULL, NULL, NULL, '$2y$10$wrQ/N6sHJrECuscx0/AjKOzGntste/ao/9JuLIM9c9zyKE40.ndOm', '12345678', 2, 48, 1),
(59, 'SMPN 2 TUNTANG', 'SMPN 2 TUNTANG', NULL, NULL, NULL, NULL, '$2y$10$wrQ/N6sHJrECuscx0/AjKOzGntste/ao/9JuLIM9c9zyKE40.ndOm', '12345678', 2, 49, 1),
(60, 'SMPN 3 TUNTANG', 'SMPN 3 TUNTANG', NULL, NULL, NULL, NULL, '$2y$10$wrQ/N6sHJrECuscx0/AjKOzGntste/ao/9JuLIM9c9zyKE40.ndOm', '12345678', 2, 50, 1),
(61, 'SMP NUSANTARA TUNTANG', 'SMP NUSANTARA TUNTANG', NULL, NULL, NULL, NULL, '$2y$10$wrQ/N6sHJrECuscx0/AjKOzGntste/ao/9JuLIM9c9zyKE40.ndOm', '12345678', 2, 51, 1),
(62, 'SMP PANGUDI LUHUR  TUNTANG', 'SMP PANGUDI LUHUR  TUNTANG', NULL, NULL, NULL, NULL, '$2y$10$wrQ/N6sHJrECuscx0/AjKOzGntste/ao/9JuLIM9c9zyKE40.ndOm', '12345678', 2, 52, 1),
(63, 'SMPN 1 BRINGIN', 'SMPN 1 BRINGIN', NULL, NULL, NULL, NULL, '$2y$10$wrQ/N6sHJrECuscx0/AjKOzGntste/ao/9JuLIM9c9zyKE40.ndOm', '12345678', 2, 53, 1),
(64, 'SMPN 2 BRINGIN', 'SMPN 2 BRINGIN', NULL, NULL, NULL, NULL, '$2y$10$wrQ/N6sHJrECuscx0/AjKOzGntste/ao/9JuLIM9c9zyKE40.ndOm', '12345678', 2, 54, 1),
(65, 'SMPN 3 BRINGIN', 'SMPN 3 BRINGIN', NULL, NULL, NULL, NULL, '$2y$10$wrQ/N6sHJrECuscx0/AjKOzGntste/ao/9JuLIM9c9zyKE40.ndOm', '12345678', 2, 55, 1),
(66, 'SMP PLUS AL-ITTIHAD PONCOL BRINGIN', 'SMP PLUS AL-ITTIHAD PONCOL BRINGIN', NULL, NULL, NULL, NULL, '$2y$10$wrQ/N6sHJrECuscx0/AjKOzGntste/ao/9JuLIM9c9zyKE40.ndOm', '12345678', 2, 56, 1),
(67, 'SMPN1 SUMOWONO', 'SMPN1 SUMOWONO', NULL, NULL, NULL, NULL, '$2y$10$wrQ/N6sHJrECuscx0/AjKOzGntste/ao/9JuLIM9c9zyKE40.ndOm', '12345678', 2, 57, 1),
(68, 'SMPN 2  SUMOWONO', 'SMPN 2  SUMOWONO', NULL, NULL, NULL, NULL, '$2y$10$wrQ/N6sHJrECuscx0/AjKOzGntste/ao/9JuLIM9c9zyKE40.ndOm', '12345678', 2, 58, 1),
(69, 'SMP ISLAM SUDIRMAN SUMOWONO', 'SMP ISLAM SUDIRMAN SUMOWONO', NULL, NULL, NULL, NULL, '$2y$10$wrQ/N6sHJrECuscx0/AjKOzGntste/ao/9JuLIM9c9zyKE40.ndOm', '12345678', 2, 59, 1),
(70, 'SMPTHERESIANA SUMOWONO', 'SMPTHERESIANA SUMOWONO', NULL, NULL, NULL, NULL, '$2y$10$wrQ/N6sHJrECuscx0/AjKOzGntste/ao/9JuLIM9c9zyKE40.ndOm', '12345678', 2, 60, 1),
(71, 'SMPN 1 AMBARAWA', 'SMPN 1 AMBARAWA', NULL, NULL, NULL, NULL, '$2y$10$wrQ/N6sHJrECuscx0/AjKOzGntste/ao/9JuLIM9c9zyKE40.ndOm', '12345678', 2, 61, 1),
(72, 'SMPN 2 AMBARAWA', 'SMPN 2 AMBARAWA', NULL, NULL, NULL, NULL, '$2y$10$wrQ/N6sHJrECuscx0/AjKOzGntste/ao/9JuLIM9c9zyKE40.ndOm', '12345678', 2, 62, 1),
(73, 'SMPN 3 AMBARAWA', 'SMPN 3 AMBARAWA', NULL, NULL, NULL, NULL, '$2y$10$wrQ/N6sHJrECuscx0/AjKOzGntste/ao/9JuLIM9c9zyKE40.ndOm', '12345678', 2, 63, 1),
(74, 'SMPN 4 AMBARAWA', 'SMPN 4 AMBARAWA', NULL, NULL, NULL, NULL, '$2y$10$wrQ/N6sHJrECuscx0/AjKOzGntste/ao/9JuLIM9c9zyKE40.ndOm', '12345678', 2, 64, 1),
(75, 'SMPN 5 AMBARAWA', 'SMPN 5 AMBARAWA', NULL, NULL, NULL, NULL, '$2y$10$wrQ/N6sHJrECuscx0/AjKOzGntste/ao/9JuLIM9c9zyKE40.ndOm', '12345678', 2, 65, 1),
(76, 'SMPN 6 AMBARAWA SATAP', 'SMPN 6 AMBARAWA SATAP', NULL, NULL, NULL, NULL, '$2y$10$wrQ/N6sHJrECuscx0/AjKOzGntste/ao/9JuLIM9c9zyKE40.ndOm', '12345678', 2, 66, 1),
(77, 'SMP ISLAM SUDIRMAN AMBARAWA', 'SMP ISLAM SUDIRMAN AMBARAWA', NULL, NULL, NULL, NULL, '$2y$10$wrQ/N6sHJrECuscx0/AjKOzGntste/ao/9JuLIM9c9zyKE40.ndOm', '12345678', 2, 67, 1),
(78, 'SMP MATER ALMA AMBARAWA', 'SMP MATER ALMA AMBARAWA', NULL, NULL, NULL, NULL, '$2y$10$wrQ/N6sHJrECuscx0/AjKOzGntste/ao/9JuLIM9c9zyKE40.ndOm', '12345678', 2, 68, 1),
(79, 'SMP MUHAMMADIYAH AMBARAWA', 'SMP MUHAMMADIYAH AMBARAWA', NULL, NULL, NULL, NULL, '$2y$10$wrQ/N6sHJrECuscx0/AjKOzGntste/ao/9JuLIM9c9zyKE40.ndOm', '12345678', 2, 69, 1),
(80, 'SMP KRISTEN LENTERA AMBARAWA', 'SMP KRISTEN LENTERA AMBARAWA', NULL, NULL, NULL, NULL, '$2y$10$wrQ/N6sHJrECuscx0/AjKOzGntste/ao/9JuLIM9c9zyKE40.ndOm', '12345678', 2, 70, 1),
(81, 'SMP PANGUDI LUHURAMBARAWA', 'SMP PANGUDI LUHURAMBARAWA', NULL, NULL, NULL, NULL, '$2y$10$wrQ/N6sHJrECuscx0/AjKOzGntste/ao/9JuLIM9c9zyKE40.ndOm', '12345678', 2, 71, 1),
(82, 'SMPN 1 JAMBU', 'SMPN 1 JAMBU', NULL, NULL, NULL, NULL, '$2y$10$wrQ/N6sHJrECuscx0/AjKOzGntste/ao/9JuLIM9c9zyKE40.ndOm', '12345678', 2, 72, 1),
(83, 'SMPN 2 JAMBU', 'SMPN 2 JAMBU', NULL, NULL, NULL, NULL, '$2y$10$wrQ/N6sHJrECuscx0/AjKOzGntste/ao/9JuLIM9c9zyKE40.ndOm', '12345678', 2, 73, 1),
(84, 'SMP THERESIANA JAMBU', 'SMP THERESIANA JAMBU', NULL, NULL, NULL, NULL, '$2y$10$wrQ/N6sHJrECuscx0/AjKOzGntste/ao/9JuLIM9c9zyKE40.ndOm', '12345678', 2, 74, 1),
(85, 'SMP MUHAMMADIYAH JAMBU', 'SMP MUHAMMADIYAH JAMBU', NULL, NULL, NULL, NULL, '$2y$10$wrQ/N6sHJrECuscx0/AjKOzGntste/ao/9JuLIM9c9zyKE40.ndOm', '12345678', 2, 75, 1),
(86, 'SMPN 1 PABELAN', 'SMPN 1 PABELAN', NULL, NULL, NULL, NULL, '$2y$10$wrQ/N6sHJrECuscx0/AjKOzGntste/ao/9JuLIM9c9zyKE40.ndOm', '12345678', 2, 76, 1),
(87, 'SMPN 2 PABELAN', 'SMPN 2 PABELAN', NULL, NULL, NULL, NULL, '$2y$10$wrQ/N6sHJrECuscx0/AjKOzGntste/ao/9JuLIM9c9zyKE40.ndOm', '12345678', 2, 77, 1),
(88, 'SMPN 3 PABELAN', 'SMPN 3 PABELAN', NULL, NULL, NULL, NULL, '$2y$10$wrQ/N6sHJrECuscx0/AjKOzGntste/ao/9JuLIM9c9zyKE40.ndOm', '12345678', 2, 78, 1),
(89, 'SMP PLUS DAARUL AHGAFF PABELAN', 'SMP PLUS DAARUL AHGAFF PABELAN', NULL, NULL, NULL, NULL, '$2y$10$wrQ/N6sHJrECuscx0/AjKOzGntste/ao/9JuLIM9c9zyKE40.ndOm', '12345678', 2, 79, 1),
(90, 'SMPN 1 BANYUBIRU', 'SMPN 1 BANYUBIRU', NULL, NULL, NULL, NULL, '$2y$10$wrQ/N6sHJrECuscx0/AjKOzGntste/ao/9JuLIM9c9zyKE40.ndOm', '12345678', 2, 80, 1),
(91, 'SMPN 2 BANYUBIRU', 'SMPN 2 BANYUBIRU', NULL, NULL, NULL, NULL, '$2y$10$wrQ/N6sHJrECuscx0/AjKOzGntste/ao/9JuLIM9c9zyKE40.ndOm', '12345678', 2, 81, 1),
(92, 'SMPN 3 BANYUBIRU', 'SMPN 3 BANYUBIRU', NULL, NULL, NULL, NULL, '$2y$10$wrQ/N6sHJrECuscx0/AjKOzGntste/ao/9JuLIM9c9zyKE40.ndOm', '12345678', 2, 82, 1),
(93, 'SMP PGRI BANYUBIRU', 'SMP PGRI BANYUBIRU', NULL, NULL, NULL, NULL, '$2y$10$wrQ/N6sHJrECuscx0/AjKOzGntste/ao/9JuLIM9c9zyKE40.ndOm', '12345678', 2, 83, 1),
(94, 'SMPN 1 SURUH', 'SMPN 1 SURUH', NULL, NULL, NULL, NULL, '$2y$10$wrQ/N6sHJrECuscx0/AjKOzGntste/ao/9JuLIM9c9zyKE40.ndOm', '12345678', 2, 84, 1),
(95, 'SMPN 2 SURUH', 'SMPN 2 SURUH', NULL, NULL, NULL, NULL, '$2y$10$wrQ/N6sHJrECuscx0/AjKOzGntste/ao/9JuLIM9c9zyKE40.ndOm', '12345678', 2, 85, 1),
(96, 'SMPN 3 SURUH', 'SMPN 3 SURUH', NULL, NULL, NULL, NULL, '$2y$10$wrQ/N6sHJrECuscx0/AjKOzGntste/ao/9JuLIM9c9zyKE40.ndOm', '12345678', 2, 86, 1),
(97, 'SMP ISLAM AR- RAHMAH SURUH', 'SMP ISLAM AR- RAHMAH SURUH', NULL, NULL, NULL, NULL, '$2y$10$wrQ/N6sHJrECuscx0/AjKOzGntste/ao/9JuLIM9c9zyKE40.ndOm', '12345678', 2, 87, 1),
(98, 'SMP NU SURUH', 'SMP NU SURUH', NULL, NULL, NULL, NULL, '$2y$10$wrQ/N6sHJrECuscx0/AjKOzGntste/ao/9JuLIM9c9zyKE40.ndOm', '12345678', 2, 88, 1),
(99, 'SMP ISLAM SUDIRMAN SURUH', 'SMP ISLAM SUDIRMAN SURUH', NULL, NULL, NULL, NULL, '$2y$10$wrQ/N6sHJrECuscx0/AjKOzGntste/ao/9JuLIM9c9zyKE40.ndOm', '12345678', 2, 89, 1),
(100, 'SMP AL ISLAM SURUH', 'SMP AL ISLAM SURUH', NULL, NULL, NULL, NULL, '$2y$10$wrQ/N6sHJrECuscx0/AjKOzGntste/ao/9JuLIM9c9zyKE40.ndOm', '12345678', 2, 90, 1),
(101, 'SMP MUHAMMADIYAH SURUH', 'SMP MUHAMMADIYAH SURUH', NULL, NULL, NULL, NULL, '$2y$10$wrQ/N6sHJrECuscx0/AjKOzGntste/ao/9JuLIM9c9zyKE40.ndOm', '12345678', 2, 91, 1),
(102, 'SMPN 1 BANCAK', 'SMPN 1 BANCAK', NULL, NULL, NULL, NULL, '$2y$10$wrQ/N6sHJrECuscx0/AjKOzGntste/ao/9JuLIM9c9zyKE40.ndOm', '12345678', 2, 92, 1),
(103, 'SMP ISLAM SUDIRMAN BANCAK', 'SMP ISLAM SUDIRMAN BANCAK', NULL, NULL, NULL, NULL, '$2y$10$wrQ/N6sHJrECuscx0/AjKOzGntste/ao/9JuLIM9c9zyKE40.ndOm', '12345678', 2, 93, 1),
(104, 'SMPN 1 SUSUKAN', 'SMPN 1 SUSUKAN', NULL, NULL, NULL, NULL, '$2y$10$wrQ/N6sHJrECuscx0/AjKOzGntste/ao/9JuLIM9c9zyKE40.ndOm', '12345678', 2, 94, 1),
(105, 'SMPN 2 SUSUKAN', 'SMPN 2 SUSUKAN', NULL, NULL, NULL, NULL, '$2y$10$wrQ/N6sHJrECuscx0/AjKOzGntste/ao/9JuLIM9c9zyKE40.ndOm', '12345678', 2, 95, 1),
(106, 'SMP ISLAM SUDIRMAN SUSUKAN', 'SMP ISLAM SUDIRMAN SUSUKAN', NULL, NULL, NULL, NULL, '$2y$10$wrQ/N6sHJrECuscx0/AjKOzGntste/ao/9JuLIM9c9zyKE40.ndOm', '12345678', 2, 96, 1),
(107, 'SMP MUHAMMADIYAH SUSUKAN', 'SMP MUHAMMADIYAH SUSUKAN', NULL, NULL, NULL, NULL, '$2y$10$wrQ/N6sHJrECuscx0/AjKOzGntste/ao/9JuLIM9c9zyKE40.ndOm', '12345678', 2, 97, 1),
(108, 'SMP ISLAM BINA INSANI SUSUKAN', 'SMP ISLAM BINA INSANI SUSUKAN', NULL, NULL, NULL, NULL, '$2y$10$wrQ/N6sHJrECuscx0/AjKOzGntste/ao/9JuLIM9c9zyKE40.ndOm', '12345678', 2, 98, 1),
(109, 'SMPN 1 KALIWUNGU', 'SMPN 1 KALIWUNGU', NULL, NULL, NULL, NULL, '$2y$10$wrQ/N6sHJrECuscx0/AjKOzGntste/ao/9JuLIM9c9zyKE40.ndOm', '12345678', 2, 99, 1),
(110, 'SMPN 2 KALIWUNGU', 'SMPN 2 KALIWUNGU', NULL, NULL, NULL, NULL, '$2y$10$wrQ/N6sHJrECuscx0/AjKOzGntste/ao/9JuLIM9c9zyKE40.ndOm', '12345678', 2, 100, 1),
(111, 'SMP KERABAT KALIWUNGU', 'SMP KERABAT KALIWUNGU', NULL, NULL, NULL, NULL, '$2y$10$wrQ/N6sHJrECuscx0/AjKOzGntste/ao/9JuLIM9c9zyKE40.ndOm', '12345678', 2, 101, 1),
(112, 'SMPN 1 TENGARAN', 'SMPN 1 TENGARAN', NULL, NULL, NULL, NULL, '$2y$10$wrQ/N6sHJrECuscx0/AjKOzGntste/ao/9JuLIM9c9zyKE40.ndOm', '12345678', 2, 102, 1),
(113, 'SMPN 2 TENGARAN', 'SMPN 2 TENGARAN', NULL, NULL, NULL, NULL, '$2y$10$wrQ/N6sHJrECuscx0/AjKOzGntste/ao/9JuLIM9c9zyKE40.ndOm', '12345678', 2, 103, 1),
(114, 'SMPN 3 TENGARAN', 'SMPN 3 TENGARAN', NULL, NULL, NULL, NULL, '$2y$10$wrQ/N6sHJrECuscx0/AjKOzGntste/ao/9JuLIM9c9zyKE40.ndOm', '12345678', 2, 104, 1),
(115, 'SMPN 4 TENGARAN SATAP', 'SMPN 4 TENGARAN SATAP', NULL, NULL, NULL, NULL, '$2y$10$wrQ/N6sHJrECuscx0/AjKOzGntste/ao/9JuLIM9c9zyKE40.ndOm', '12345678', 2, 105, 1),
(116, 'SMP ISLAM SUDIRMAN TENGARAN', 'SMP ISLAM SUDIRMAN TENGARAN', NULL, NULL, NULL, NULL, '$2y$10$wrQ/N6sHJrECuscx0/AjKOzGntste/ao/9JuLIM9c9zyKE40.ndOm', '12345678', 2, 106, 1),
(117, 'SMPIT NURUL ISLAM TENGARAN', 'SMPIT NURUL ISLAM TENGARAN', NULL, NULL, NULL, NULL, '$2y$10$wrQ/N6sHJrECuscx0/AjKOzGntste/ao/9JuLIM9c9zyKE40.ndOm', '12345678', 2, 107, 1),
(118, 'SMP KRISTEN GETASAN', 'SMP KRISTEN GETASAN', NULL, NULL, NULL, NULL, '$2y$10$wrQ/N6sHJrECuscx0/AjKOzGntste/ao/9JuLIM9c9zyKE40.ndOm', '12345678', 2, 108, 1),
(119, 'SMPN 1 GETASAN', 'SMPN 1 GETASAN', NULL, NULL, NULL, NULL, '$2y$10$wrQ/N6sHJrECuscx0/AjKOzGntste/ao/9JuLIM9c9zyKE40.ndOm', '12345678', 2, 109, 1),
(120, 'SMPN 2 GETASAN', 'SMPN 2 GETASAN', NULL, NULL, NULL, NULL, '$2y$10$wrQ/N6sHJrECuscx0/AjKOzGntste/ao/9JuLIM9c9zyKE40.ndOm', '12345678', 2, 110, 1),
(121, 'SMPN 3 GETASAN', 'SMPN 3 GETASAN', NULL, NULL, NULL, NULL, '$2y$10$wrQ/N6sHJrECuscx0/AjKOzGntste/ao/9JuLIM9c9zyKE40.ndOm', '12345678', 2, 111, 1),
(122, 'SMP IT IZZATUL ISLAM GETASAN', 'SMP IT IZZATUL ISLAM GETASAN', NULL, NULL, NULL, NULL, '$2y$10$wrQ/N6sHJrECuscx0/AjKOzGntste/ao/9JuLIM9c9zyKE40.ndOm', '12345678', 2, 112, 1),
(123, 'WALUYO', 'WALUYO SUTION, S.Pd., M.Pd.', '196510031989021003', NULL, NULL, NULL, '$2y$10$wrQ/N6sHJrECuscx0/AjKOzGntste/ao/9JuLIM9c9zyKE40.ndOm', '12345678', 1, 0, 1),
(124, 'JUNAEDI', 'Drs. JUNAEDI ES', '196602081991031011', NULL, NULL, NULL, '$2y$10$wrQ/N6sHJrECuscx0/AjKOzGntste/ao/9JuLIM9c9zyKE40.ndOm', '12345678', 1, 0, 1),
(125, 'ROHMAD', 'Drs.ROHMAD, M.Pd.I.', '196801071995121002', NULL, NULL, NULL, '$2y$10$wrQ/N6sHJrECuscx0/AjKOzGntste/ao/9JuLIM9c9zyKE40.ndOm', '12345678', 1, 0, 1),
(126, 'WIDODO', 'Drs. TRI WIDODO, M.Pd.', '196803111995121001', NULL, NULL, NULL, '$2y$10$wrQ/N6sHJrECuscx0/AjKOzGntste/ao/9JuLIM9c9zyKE40.ndOm', '12345678', 1, 0, 1),
(127, 'NURWATI', 'SRI NURWATI, S.Pd.', '196803071990112001', NULL, NULL, NULL, '$2y$10$wrQ/N6sHJrECuscx0/AjKOzGntste/ao/9JuLIM9c9zyKE40.ndOm', '12345678', 1, 0, 1),
(128, 'NURYANTA', 'NURYANTA, S.Pd., M.Pd. ', '196908141998021001', NULL, NULL, NULL, '$2y$10$wrQ/N6sHJrECuscx0/AjKOzGntste/ao/9JuLIM9c9zyKE40.ndOm', '12345678', 1, 0, 1),
(129, 'KHABIBAH', 'KHABIBAH RATNANINGSIH, S.Pd., M.Pd.', '196908301998022004', NULL, NULL, NULL, '$2y$10$wrQ/N6sHJrECuscx0/AjKOzGntste/ao/9JuLIM9c9zyKE40.ndOm', '12345678', 1, 0, 1),
(130, 'RAHMAT', 'RAHMAT DHONI WIRYATMO, S.Pd., M.Pd. ', '196911161998021002', NULL, NULL, NULL, '$2y$10$wrQ/N6sHJrECuscx0/AjKOzGntste/ao/9JuLIM9c9zyKE40.ndOm', '12345678', 1, 0, 1),
(131, 'KHOIRUDIN', 'KHOIRUDIN, S.Pd. M.Pd.', '197003142007011010', NULL, NULL, NULL, '$2y$10$wrQ/N6sHJrECuscx0/AjKOzGntste/ao/9JuLIM9c9zyKE40.ndOm', '12345678', 1, 0, 1),
(132, 'HERI', 'HERI KRISTANTORO, S.Pd., M.Pd. ', '197008231997021002', NULL, NULL, NULL, '$2y$10$wrQ/N6sHJrECuscx0/AjKOzGntste/ao/9JuLIM9c9zyKE40.ndOm', '12345678', 1, 0, 1),
(133, 'ASEP', 'ASEP MINTARTO, M.Pd. ', '197105031995121002', NULL, NULL, NULL, '$2y$10$wrQ/N6sHJrECuscx0/AjKOzGntste/ao/9JuLIM9c9zyKE40.ndOm', '12345678', 1, 0, 1),
(134, 'ASTUTI', 'TRI ASTUTI ARI WINARTI, S.Pd. M.Pd. ', '197704212006042012', NULL, NULL, NULL, '$2y$10$wrQ/N6sHJrECuscx0/AjKOzGntste/ao/9JuLIM9c9zyKE40.ndOm', '12345678', 1, 0, 1),
(135, 'ENI', 'ENI RISWANTI, M.Pd.', '197706162008012012', NULL, NULL, NULL, '$2y$10$wrQ/N6sHJrECuscx0/AjKOzGntste/ao/9JuLIM9c9zyKE40.ndOm', '12345678', 1, 0, 1);

--
-- Indexes for dumped tables
--

--
-- Indexes for table `bookmarks`
--
ALTER TABLE `bookmarks`
  ADD PRIMARY KEY (`id`);

--
-- Indexes for table `criterias`
--
ALTER TABLE `criterias`
  ADD PRIMARY KEY (`id`);

--
-- Indexes for table `evaluations`
--
ALTER TABLE `evaluations`
  ADD PRIMARY KEY (`id`);

--
-- Indexes for table `evaluation_details`
--
ALTER TABLE `evaluation_details`
  ADD PRIMARY KEY (`id`);

--
-- Indexes for table `levels`
--
ALTER TABLE `levels`
  ADD PRIMARY KEY (`id`);

--
-- Indexes for table `log_activities`
--
ALTER TABLE `log_activities`
  ADD PRIMARY KEY (`id`),
  ADD UNIQUE KEY `id` (`id`);

--
-- Indexes for table `migrations`
--
ALTER TABLE `migrations`
  ADD PRIMARY KEY (`id`);

--
-- Indexes for table `options`
--
ALTER TABLE `options`
  ADD PRIMARY KEY (`id`);

--
-- Indexes for table `questions`
--
ALTER TABLE `questions`
  ADD PRIMARY KEY (`id`);

--
-- Indexes for table `schools`
--
ALTER TABLE `schools`
  ADD PRIMARY KEY (`id`);

--
-- Indexes for table `users`
--
ALTER TABLE `users`
  ADD PRIMARY KEY (`id`);

--
-- AUTO_INCREMENT for dumped tables
--

--
-- AUTO_INCREMENT for table `bookmarks`
--
ALTER TABLE `bookmarks`
  MODIFY `id` int(5) UNSIGNED NOT NULL AUTO_INCREMENT, AUTO_INCREMENT=31;

--
-- AUTO_INCREMENT for table `criterias`
--
ALTER TABLE `criterias`
  MODIFY `id` int(5) UNSIGNED NOT NULL AUTO_INCREMENT, AUTO_INCREMENT=8;

--
-- AUTO_INCREMENT for table `evaluations`
--
ALTER TABLE `evaluations`
  MODIFY `id` int(5) UNSIGNED NOT NULL AUTO_INCREMENT, AUTO_INCREMENT=51;

--
-- AUTO_INCREMENT for table `evaluation_details`
--
ALTER TABLE `evaluation_details`
  MODIFY `id` int(5) UNSIGNED NOT NULL AUTO_INCREMENT, AUTO_INCREMENT=205;

--
-- AUTO_INCREMENT for table `levels`
--
ALTER TABLE `levels`
  MODIFY `id` int(5) UNSIGNED NOT NULL AUTO_INCREMENT, AUTO_INCREMENT=4;

--
-- AUTO_INCREMENT for table `log_activities`
--
ALTER TABLE `log_activities`
  MODIFY `id` int(11) NOT NULL AUTO_INCREMENT, AUTO_INCREMENT=1793;

--
-- AUTO_INCREMENT for table `migrations`
--
ALTER TABLE `migrations`
  MODIFY `id` bigint(20) UNSIGNED NOT NULL AUTO_INCREMENT, AUTO_INCREMENT=10;

--
-- AUTO_INCREMENT for table `options`
--
ALTER TABLE `options`
  MODIFY `id` int(5) UNSIGNED NOT NULL AUTO_INCREMENT, AUTO_INCREMENT=123;

--
-- AUTO_INCREMENT for table `questions`
--
ALTER TABLE `questions`
  MODIFY `id` int(5) UNSIGNED NOT NULL AUTO_INCREMENT, AUTO_INCREMENT=29;

--
-- AUTO_INCREMENT for table `schools`
--
ALTER TABLE `schools`
  MODIFY `id` int(5) UNSIGNED NOT NULL AUTO_INCREMENT, AUTO_INCREMENT=113;

--
-- AUTO_INCREMENT for table `users`
--
ALTER TABLE `users`
  MODIFY `id` int(5) UNSIGNED NOT NULL AUTO_INCREMENT, AUTO_INCREMENT=136;
COMMIT;

/*!40101 SET CHARACTER_SET_CLIENT=@OLD_CHARACTER_SET_CLIENT */;
/*!40101 SET CHARACTER_SET_RESULTS=@OLD_CHARACTER_SET_RESULTS */;
/*!40101 SET COLLATION_CONNECTION=@OLD_COLLATION_CONNECTION */;
